request_date,request_hour,total_requests,unique_ips,error_count,error_rate,avg_response_size,bot_requests
2024-03-30,0,40,20,8,20.00,19193.65,22
2024-03-30,1,54,27,6,11.11,22958.22,34
2024-03-30,2,24,12,8,33.33,18633.17,14
2024-03-30,3,32,16,0,0.00,18271.31,22
2024-03-30,4,50,25,10,20.00,16802.12,26
2024-03-30,5,54,27,10,18.52,22724.44,24
2024-03-30,6,50,25,6,12.00,21587.36,34
2024-03-30,7,30,15,8,26.67,12088.60,18
2024-03-30,8,68,34,4,5.88,25603.15,38
2024-03-30,9,48,24,10,20.83,20006.25,14
2024-03-30,10,38,19,4,10.53,19440.37,20
2024-03-30,11,54,27,8,14.81,20722.00,26
2024-03-30,12,32,16,6,18.75,21869.63,16
2024-03-30,13,34,17,8,23.53,17051.88,12
2024-03-30,14,56,28,8,14.29,21607.25,22
2024-03-30,15,40,20,6,15.00,14228.60,20
2024-03-30,16,56,28,10,17.86,21087.79,22
2024-03-30,17,52,26,12,23.08,11771.88,24
2024-03-30,18,36,18,6,16.67,15606.33,16
2024-03-30,19,38,19,2,5.26,15925.11,28
2024-03-30,20,50,25,10,20.00,16629.12,24
2024-03-30,21,34,17,6,17.65,16249.88,14
2024-03-30,22,38,19,4,10.53,21151.84,22
2024-03-30,23,52,26,8,15.38,20940.04,28
2024-03-29,0,52,26,8,15.38,19460.42,36
2024-03-29,1,48,24,10,20.83,23363.63,32
2024-03-29,2,44,22,2,4.55,12449.36,14
2024-03-29,3,36,18,4,11.11,16823.06,14
2024-03-29,4,52,26,4,7.69,18332.08,28
2024-03-29,5,62,31,8,12.90,19515.16,38
2024-03-29,6,38,19,6,15.79,19566.89,20
2024-03-29,7,64,32,8,12.50,15691.50,32
2024-03-29,8,58,29,4,6.90,19446.21,34
2024-03-29,9,42,21,6,14.29,22532.95,24
2024-03-29,10,66,33,12,18.18,18855.09,40
2024-03-29,11,46,23,8,17.39,15772.17,24
2024-03-29,12,44,22,4,9.09,19076.14,12
2024-03-29,13,58,29,8,13.79,21040.83,36
2024-03-29,14,42,21,6,14.29,16892.14,18
2024-03-29,15,40,20,12,30.00,12435.90,10
2024-03-29,16,58,29,12,20.69,22921.83,22
2024-03-29,17,46,23,8,17.39,24299.96,26
2024-03-29,18,34,17,8,23.53,14375.06,20
2024-03-29,19,48,24,2,4.17,20445.67,24
2024-03-29,20,42,21,6,14.29,17553.29,26
2024-03-29,21,44,22,10,22.73,19489.86,22
2024-03-29,22,34,17,8,23.53,13412.47,6
2024-03-29,23,30,15,8,26.67,10861.00,20
2024-03-28,0,42,21,8,19.05,17306.76,28
2024-03-28,1,56,28,8,14.29,14477.96,28
2024-03-28,2,46,23,6,13.04,24843.48,24
2024-03-28,3,48,24,6,12.50,16291.71,24
2024-03-28,4,40,20,8,20.00,22685.75,22
2024-03-28,5,52,26,10,19.23,17173.73,36
2024-03-28,6,48,24,10,20.83,15635.71,28
2024-03-28,7,50,25,12,24.00,15383.64,26
2024-03-28,8,26,13,4,15.38,15758.00,20
2024-03-28,9,54,27,6,11.11,18318.07,24
2024-03-28,10,40,20,0,0.00,18906.75,24
2024-03-28,11,44,22,8,18.18,15106.68,24
2024-03-28,12,52,26,12,23.08,20309.65,24
2024-03-28,13,48,24,4,8.33,15687.00,26
2024-03-28,14,64,32,16,25.00,16759.34,36
2024-03-28,15,52,26,14,26.92,15876.08,32
2024-03-28,16,48,24,10,20.83,18309.63,26
2024-03-28,17,42,21,4,9.52,26432.52,20
2024-03-28,18,40,20,8,20.00,15392.25,28
2024-03-28,19,40,20,8,20.00,19141.45,22
2024-03-28,20,38,19,4,10.53,18074.47,14
2024-03-28,21,38,19,6,15.79,22033.74,28
2024-03-28,22,54,27,6,11.11,19411.78,34
2024-03-28,23,44,22,8,18.18,23597.95,26
2024-03-27,0,54,27,8,14.81,15510.26,30
2024-03-27,1,34,17,10,29.41,13231.71,16
2024-03-27,2,52,26,10,19.23,18461.81,30
2024-03-27,3,50,25,10,20.00,15742.24,34
2024-03-27,4,44,22,2,4.55,24199.41,22
2024-03-27,5,38,19,8,21.05,17144.74,22
2024-03-27,6,20,10,4,20.00,13723.20,6
2024-03-27,7,64,32,8,12.50,17387.38,28
2024-03-27,8,36,18,12,33.33,18014.11,18
2024-03-27,9,34,17,8,23.53,11770.71,16
2024-03-27,10,38,19,10,26.32,14588.53,18
2024-03-27,11,38,19,2,5.26,21018.89,12
2024-03-27,12,68,34,12,17.65,15265.65,32
2024-03-27,13,44,22,8,18.18,16034.05,20
2024-03-27,14,46,23,16,34.78,14805.91,18
2024-03-27,15,56,28,20,35.71,13113.82,22
2024-03-27,16,68,34,18,26.47,12284.32,40
2024-03-27,17,38,19,6,15.79,14504.79,16
2024-03-27,18,36,18,2,5.56,24677.61,14
2024-03-27,19,62,31,12,19.35,20291.13,38
2024-03-27,20,54,27,8,14.81,15754.15,26
2024-03-27,21,50,25,6,12.00,18624.36,22
2024-03-27,22,56,28,6,10.71,17460.68,24
2024-03-27,23,44,22,8,18.18,17609.64,24
2024-03-26,0,54,27,12,22.22,22034.41,28
2024-03-26,1,52,26,6,11.54,19449.27,28
2024-03-26,2,42,21,10,23.81,15335.33,18
2024-03-26,3,46,23,6,13.04,16939.70,22
2024-03-26,4,40,20,8,20.00,19512.90,12
2024-03-26,5,34,17,8,23.53,17999.00,20
2024-03-26,6,30,15,6,20.00,14490.80,10
2024-03-26,7,50,25,8,16.00,15495.00,26
2024-03-26,8,66,33,8,12.12,19142.03,36
2024-03-26,9,38,19,4,10.53,22603.00,16
2024-03-26,10,28,14,2,7.14,21206.79,16
2024-03-26,11,42,21,6,14.29,16049.33,20
2024-03-26,12,46,23,12,26.09,14296.61,24
2024-03-26,13,44,22,8,18.18,21382.68,22
2024-03-26,14,48,24,8,16.67,15713.71,16
2024-03-26,15,30,15,12,40.00,18226.73,20
2024-03-26,16,50,25,4,8.00,19740.56,32
2024-03-26,17,40,20,6,15.00,12615.95,20
2024-03-26,18,60,30,20,33.33,14291.50,32
2024-03-26,19,38,19,6,15.79,18245.21,14
2024-03-26,20,40,20,6,15.00,27304.40,20
2024-03-26,21,40,20,8,20.00,21089.55,16
2024-03-26,22,46,23,6,13.04,16370.26,22
2024-03-26,23,40,20,2,5.00,27507.80,14
2024-03-25,0,50,25,12,24.00,18601.24,18
2024-03-25,1,44,22,6,13.64,19990.64,20
2024-03-25,2,40,20,0,0.00,24103.35,26
2024-03-25,3,54,27,12,22.22,13072.19,28
2024-03-25,4,44,22,6,13.64,19793.41,20
2024-03-25,5,18,9,6,33.33,10918.00,12
2024-03-25,6,54,27,12,22.22,20517.30,26
2024-03-25,7,54,27,6,11.11,18103.44,28
2024-03-25,8,32,16,2,6.25,22845.94,16
2024-03-25,9,54,27,10,18.52,17306.78,36
2024-03-25,10,60,30,6,10.00,17279.97,30
2024-03-25,11,38,19,6,15.79,14317.11,22
2024-03-25,12,44,22,16,36.36,13389.50,28
2024-03-25,13,48,24,10,20.83,17529.54,26
2024-03-25,14,54,27,8,14.81,19194.63,24
2024-03-25,15,50,25,8,16.00,21892.76,24
2024-03-25,16,42,21,8,19.05,16321.76,20
2024-03-25,17,42,21,8,19.05,14649.76,38
2024-03-25,18,26,13,8,30.77,10103.38,16
2024-03-25,19,48,24,8,16.67,13866.96,30
2024-03-25,20,42,21,6,14.29,21235.90,16
2024-03-25,21,52,26,10,19.23,16385.50,36
2024-03-25,22,52,26,4,7.69,14293.92,20
2024-03-25,23,52,26,10,19.23,12987.38,22
2024-03-24,0,38,19,2,5.26,20885.11,16
2024-03-24,1,52,26,12,23.08,16212.92,28
2024-03-24,2,36,18,8,22.22,9032.89,18
2024-03-24,3,38,19,6,15.79,19765.11,14
2024-03-24,4,52,26,10,19.23,14755.08,20
2024-03-24,5,48,24,8,16.67,19657.75,30
2024-03-24,6,44,22,0,0.00,20897.86,16
2024-03-24,7,60,30,10,16.67,13656.47,32
2024-03-24,8,48,24,10,20.83,15836.54,30
2024-03-24,9,34,17,4,11.76,21284.53,14
2024-03-24,10,52,26,6,11.54,20328.42,24
2024-03-24,11,28,14,2,7.14,20072.50,20
2024-03-24,12,40,20,4,10.00,15611.60,20
2024-03-24,13,54,27,6,11.11,20273.44,26
2024-03-24,14,74,37,14,18.92,17508.97,38
2024-03-24,15,38,19,4,10.53,17773.47,18
2024-03-24,16,56,28,8,14.29,19484.21,22
2024-03-24,17,52,26,4,7.69,17372.04,20
2024-03-24,18,48,24,6,12.50,17121.00,24
2024-03-24,19,76,38,16,21.05,21841.89,28
2024-03-24,20,46,23,12,26.09,20252.91,26
2024-03-24,21,56,28,10,17.86,19422.79,28
2024-03-24,22,56,28,12,21.43,22797.71,26
2024-03-24,23,44,22,12,27.27,21432.91,20
2024-03-23,0,38,19,6,15.79,21679.68,18
2024-03-23,1,74,37,18,24.32,15752.54,40
2024-03-23,2,50,25,14,28.00,11456.48,32
2024-03-23,3,44,22,0,0.00,16627.55,24
2024-03-23,4,40,20,4,10.00,22635.15,22
2024-03-23,5,32,16,2,6.25,20692.88,20
2024-03-23,6,44,22,6,13.64,21569.18,24
2024-03-23,7,32,16,4,12.50,11283.81,18
2024-03-23,8,62,31,14,22.58,20065.58,36
2024-03-23,9,48,24,10,20.83,17011.21,30
2024-03-23,10,36,18,8,22.22,19251.72,12
2024-03-23,11,54,27,6,11.11,15129.33,24
2024-03-23,12,32,16,8,25.00,14543.31,26
2024-03-23,13,52,26,12,23.08,14504.81,30
2024-03-23,14,50,25,6,12.00,17321.12,14
2024-03-23,15,42,21,6,14.29,19994.00,18
2024-03-23,16,48,24,6,12.50,19780.88,24
2024-03-23,17,60,30,14,23.33,17534.40,32
2024-03-23,18,46,23,10,21.74,16450.35,18
2024-03-23,19,50,25,6,12.00,19461.36,24
2024-03-23,20,34,17,8,23.53,14753.65,22
2024-03-23,21,56,28,16,28.57,12604.25,20
2024-03-23,22,56,28,12,21.43,16158.61,22
2024-03-23,23,46,23,4,8.70,20860.96,20
2024-03-22,0,42,21,4,9.52,16919.76,18
2024-03-22,1,52,26,12,23.08,10400.08,20
2024-03-22,2,32,16,12,37.50,19190.00,18
2024-03-22,3,52,26,10,19.23,18611.46,28
2024-03-22,4,44,22,4,9.09,21305.05,16
2024-03-22,5,52,26,8,15.38,21255.50,24
2024-03-22,6,40,20,2,5.00,26485.65,18
2024-03-22,7,32,16,4,12.50,18271.44,14
2024-03-22,8,36,18,8,22.22,21036.39,16
2024-03-22,9,36,18,8,22.22,14094.83,22
2024-03-22,10,46,23,6,13.04,19180.43,20
2024-03-22,11,56,28,6,10.71,19819.18,26
2024-03-22,12,32,16,6,18.75,19028.50,12
2024-03-22,13,52,26,18,34.62,12567.15,16
2024-03-22,14,28,14,6,21.43,15970.71,14
2024-03-22,15,46,23,14,30.43,12336.13,24
2024-03-22,16,46,23,8,17.39,14248.61,12
2024-03-22,17,48,24,8,16.67,21006.17,20
2024-03-22,18,54,27,12,22.22,16068.93,24
2024-03-22,19,60,30,10,16.67,19837.17,32
2024-03-22,20,38,19,6,15.79,19473.21,12
2024-03-22,21,38,19,6,15.79,19623.42,16
2024-03-22,22,52,26,2,3.85,22628.85,24
2024-03-22,23,46,23,4,8.70,21359.30,22
2024-03-21,0,50,25,6,12.00,18740.56,28
2024-03-21,1,40,20,4,10.00,26887.40,16
2024-03-21,2,50,25,8,16.00,14188.80,26
2024-03-21,3,40,20,6,15.00,21713.30,28
2024-03-21,4,40,20,6,15.00,21721.90,22
2024-03-21,5,32,16,6,18.75,15477.19,16
2024-03-21,6,44,22,8,18.18,17252.00,24
2024-03-21,7,52,26,8,15.38,17432.12,32
2024-03-21,8,56,28,6,10.71,18289.43,24
2024-03-21,9,48,24,10,20.83,15125.00,28
2024-03-21,10,54,27,14,25.93,16906.56,24
2024-03-21,11,40,20,6,15.00,14808.80,22
2024-03-21,12,42,21,10,23.81,22016.57,22
2024-03-21,13,40,20,16,40.00,13377.80,16
2024-03-21,14,56,28,10,17.86,16186.32,30
2024-03-21,15,40,20,6,15.00,15242.25,18
2024-03-21,16,40,20,8,20.00,13207.75,16
2024-03-21,17,70,35,16,22.86,15736.14,42
2024-03-21,18,50,25,12,24.00,14943.00,28
2024-03-21,19,32,16,8,25.00,19824.44,18
2024-03-21,20,50,25,4,8.00,22192.60,24
2024-03-21,21,36,18,4,11.11,17451.33,16
2024-03-21,22,40,20,6,15.00,17680.95,30
2024-03-21,23,44,22,14,31.82,13609.50,22
2024-03-20,0,30,15,12,40.00,8352.60,18
2024-03-20,1,48,24,8,16.67,16259.79,26
2024-03-20,2,38,19,4,10.53,19992.16,16
2024-03-20,3,46,23,4,8.70,22285.65,26
2024-03-20,4,60,30,10,16.67,17802.93,28
2024-03-20,5,44,22,2,4.55,15510.91,24
2024-03-20,6,54,27,8,14.81,14609.63,26
2024-03-20,7,38,19,8,21.05,17165.74,10
2024-03-20,8,58,29,14,24.14,16908.93,22
2024-03-20,9,42,21,2,4.76,21718.81,16
2024-03-20,10,48,24,10,20.83,21911.17,30
2024-03-20,11,58,29,16,27.59,17578.14,22
2024-03-20,12,54,27,10,18.52,13045.81,22
2024-03-20,13,56,28,8,14.29,18400.46,24
2024-03-20,14,48,24,6,12.50,20082.83,26
2024-03-20,15,38,19,12,31.58,8402.95,22
2024-03-20,16,52,26,10,19.23,16824.54,28
2024-03-20,17,58,29,8,13.79,17558.17,30
2024-03-20,18,46,23,6,13.04,17425.78,24
2024-03-20,19,50,25,10,20.00,14721.20,40
2024-03-20,20,36,18,4,11.11,19436.22,8
2024-03-20,21,40,20,6,15.00,17044.65,26
2024-03-20,22,40,20,8,20.00,22909.05,22
2024-03-20,23,40,20,10,25.00,14424.30,18
2024-03-19,0,38,19,8,21.05,18629.05,16
2024-03-19,1,56,28,18,32.14,17074.21,22
2024-03-19,2,34,17,10,29.41,17017.12,16
2024-03-19,3,52,26,8,15.38,20425.27,20
2024-03-19,4,38,19,8,21.05,18074.79,18
2024-03-19,5,52,26,8,15.38,18720.12,28
2024-03-19,6,44,22,10,22.73,16321.18,30
2024-03-19,7,62,31,4,6.45,21925.77,40
2024-03-19,8,56,28,10,17.86,19419.68,38
2024-03-19,9,60,30,8,13.33,17318.63,30
2024-03-19,10,54,27,8,14.81,22949.74,26
2024-03-19,11,52,26,8,15.38,20387.77,28
2024-03-19,12,54,27,6,11.11,21774.78,22
2024-03-19,13,56,28,8,14.29,12238.36,18
2024-03-19,14,52,26,4,7.69,21933.04,34
2024-03-19,15,26,13,2,7.69,20481.92,16
2024-03-19,16,54,27,12,22.22,14359.41,26
2024-03-19,17,46,23,12,26.09,16558.35,12
2024-03-19,18,46,23,6,13.04,14269.83,26
2024-03-19,19,50,25,12,24.00,16315.72,28
2024-03-19,20,58,29,4,6.90,17846.62,30
2024-03-19,21,34,17,2,5.88,17955.12,14
2024-03-19,22,44,22,8,18.18,11833.45,26
2024-03-19,23,46,23,6,13.04,24215.52,18
2024-03-18,0,60,30,12,20.00,23275.53,24
2024-03-18,1,60,30,12,20.00,17765.40,32
2024-03-18,2,68,34,20,29.41,14979.97,34
2024-03-18,3,52,26,18,34.62,12894.46,28
2024-03-18,4,36,18,2,5.56,17719.00,14
2024-03-18,5,52,26,10,19.23,17240.54,28
2024-03-18,6,58,29,10,17.24,17183.76,24
2024-03-18,7,42,21,6,14.29,18627.05,20
2024-03-18,8,56,28,14,25.00,15582.07,30
2024-03-18,9,40,20,8,20.00,18600.60,14
2024-03-18,10,60,30,6,10.00,22126.93,24
2024-03-18,11,42,21,16,38.10,10847.29,22
2024-03-18,12,54,27,6,11.11,19026.70,30
2024-03-18,13,34,17,6,17.65,18607.53,16
2024-03-18,14,44,22,20,45.45,14256.77,20
2024-03-18,15,42,21,8,19.05,10935.05,24
2024-03-18,16,54,27,10,18.52,18052.11,22
2024-03-18,17,38,19,4,10.53,18606.89,18
2024-03-18,18,54,27,12,22.22,21408.63,24
2024-03-18,19,42,21,14,33.33,17223.24,24
2024-03-18,20,34,17,4,11.76,12656.41,14
2024-03-18,21,46,23,8,17.39,14838.91,24
2024-03-18,22,44,22,2,4.55,16022.73,16
2024-03-18,23,50,25,0,0.00,20064.52,20
2024-03-17,0,38,19,8,21.05,14297.79,10
2024-03-17,1,46,23,10,21.74,21306.91,26
2024-03-17,2,58,29,8,13.79,19971.66,34
2024-03-17,3,42,21,6,14.29,21307.19,24
2024-03-17,4,54,27,20,37.04,11215.15,30
2024-03-17,5,48,24,14,29.17,15935.00,26
2024-03-17,6,50,25,8,16.00,20652.40,26
2024-03-17,7,62,31,8,12.90,18766.61,24
2024-03-17,8,50,25,8,16.00,21539.56,30
2024-03-17,9,44,22,6,13.64,15331.18,26
2024-03-17,10,40,20,6,15.00,19165.25,16
2024-03-17,11,48,24,8,16.67,18665.29,18
2024-03-17,12,48,24,8,16.67,17133.67,26
2024-03-17,13,52,26,10,19.23,15128.58,26
2024-03-17,14,48,24,6,12.50,18008.96,20
2024-03-17,15,50,25,14,28.00,18718.88,30
2024-03-17,16,50,25,8,16.00,15682.96,30
2024-03-17,17,36,18,6,16.67,17086.56,22
2024-03-17,18,36,18,4,11.11,24235.22,28
2024-03-17,19,48,24,2,4.17,22297.25,30
2024-03-17,20,66,33,10,15.15,13402.09,30
2024-03-17,21,70,35,14,20.00,17197.40,38
2024-03-17,22,38,19,4,10.53,19285.00,22
2024-03-17,23,30,15,8,26.67,9630.53,18
2024-03-16,0,52,26,10,19.23,19985.58,18
2024-03-16,1,46,23,2,4.35,20890.22,26
2024-03-16,2,38,19,4,10.53,12046.32,22
2024-03-16,3,48,24,10,20.83,18111.71,32
2024-03-16,4,42,21,6,14.29,16573.38,12
2024-03-16,5,52,26,6,11.54,15010.31,26
2024-03-16,6,34,17,4,11.76,16709.18,18
2024-03-16,7,54,27,12,22.22,13929.93,20
2024-03-16,8,58,29,16,27.59,15722.52,40
2024-03-16,9,50,25,20,40.00,13746.16,22
2024-03-16,10,54,27,10,18.52,15745.78,22
2024-03-16,11,54,27,8,14.81,14418.07,26
2024-03-16,12,48,24,8,16.67,17706.92,26
2024-03-16,13,46,23,12,26.09,16947.30,22
2024-03-16,14,40,20,8,20.00,16300.15,22
2024-03-16,15,42,21,6,14.29,21501.05,26
2024-03-16,16,40,20,6,15.00,12576.90,32
2024-03-16,17,74,37,10,13.51,22795.38,38
2024-03-16,18,34,17,10,29.41,16375.35,14
2024-03-16,19,24,12,8,33.33,16586.50,18
2024-03-16,20,38,19,6,15.79,11756.21,24
2024-03-16,21,50,25,8,16.00,18695.32,20
2024-03-16,22,42,21,2,4.76,17080.05,26
2024-03-16,23,54,27,10,18.52,15899.00,22
2024-03-15,0,28,14,6,21.43,17834.07,12
2024-03-15,1,48,24,6,12.50,19611.33,22
2024-03-15,2,60,30,8,13.33,19652.63,20
2024-03-15,3,40,20,8,20.00,19572.10,24
2024-03-15,4,50,25,6,12.00,22843.92,28
2024-03-15,5,46,23,8,17.39,19184.52,26
2024-03-15,6,40,20,4,10.00,16052.75,22
2024-03-15,7,40,20,8,20.00,16540.60,22
2024-03-15,8,54,27,6,11.11,18787.81,24
2024-03-15,9,54,27,12,22.22,13706.41,22
2024-03-15,10,52,26,6,11.54,14509.15,24
2024-03-15,11,38,19,8,21.05,15544.79,18
2024-03-15,12,58,29,10,17.24,15017.90,28
2024-03-15,13,44,22,6,13.64,14271.14,26
2024-03-15,14,62,31,12,19.35,18393.03,34
2024-03-15,15,32,16,6,18.75,12975.38,16
2024-03-15,16,38,19,4,10.53,17622.26,16
2024-03-15,17,42,21,10,23.81,19037.33,18
2024-03-15,18,60,30,8,13.33,16800.53,32
2024-03-15,19,42,21,8,19.05,10868.38,22
2024-03-15,20,46,23,6,13.04,17799.83,28
2024-03-15,21,42,21,6,14.29,22312.52,18
2024-03-15,22,42,21,2,4.76,22066.10,22
2024-03-15,23,50,25,14,28.00,15192.08,28
2024-03-14,0,40,20,6,15.00,19810.80,22
2024-03-14,1,28,14,6,21.43,17905.36,20
2024-03-14,2,34,17,8,23.53,10003.00,20
2024-03-14,3,56,28,6,10.71,17373.29,28
2024-03-14,4,46,23,12,26.09,19788.96,14
2024-03-14,5,56,28,8,14.29,21167.00,32
2024-03-14,6,36,18,6,16.67,15807.11,18
2024-03-14,7,58,29,14,24.14,14612.66,30
2024-03-14,8,48,24,8,16.67,15740.33,32
2024-03-14,9,56,28,18,32.14,13955.96,28
2024-03-14,10,42,21,12,28.57,15927.62,24
2024-03-14,11,44,22,14,31.82,15058.45,22
2024-03-14,12,70,35,10,14.29,15073.71,36
2024-03-14,13,58,29,4,6.90,22386.62,34
2024-03-14,14,60,30,8,13.33,16078.57,20
2024-03-14,15,34,17,10,29.41,17626.29,18
2024-03-14,16,54,27,4,7.41,17158.48,14
2024-03-14,17,50,25,4,8.00,23856.76,22
2024-03-14,18,60,30,10,16.67,16000.33,40
2024-03-14,19,30,15,8,26.67,18912.73,20
2024-03-14,20,32,16,0,0.00,16362.38,16
2024-03-14,21,42,21,6,14.29,14193.71,14
2024-03-14,22,44,22,12,27.27,18754.05,18
2024-03-14,23,54,27,12,22.22,13899.37,32
2024-03-13,0,38,19,6,15.79,14177.42,18
2024-03-13,1,44,22,10,22.73,9912.23,22
2024-03-13,2,62,31,8,12.90,15597.65,30
2024-03-13,3,40,20,4,10.00,14701.15,20
2024-03-13,4,56,28,14,25.00,14680.11,30
2024-03-13,5,46,23,14,30.43,17121.57,22
2024-03-13,6,54,27,10,18.52,18938.59,28
2024-03-13,7,50,25,4,8.00,19643.52,32
2024-03-13,8,66,33,12,18.18,12866.36,48
2024-03-13,9,38,19,4,10.53,17766.16,18
2024-03-13,10,46,23,12,26.09,22385.43,16
2024-03-13,11,36,18,2,5.56,15941.61,18
2024-03-13,12,30,15,6,20.00,15878.93,12
2024-03-13,13,56,28,14,25.00,13235.86,32
2024-03-13,14,36,18,0,0.00,17850.11,16
2024-03-13,15,42,21,4,9.52,16446.57,10
2024-03-13,16,40,20,6,15.00,23531.60,18
2024-03-13,17,32,16,12,37.50,18409.69,18
2024-03-13,18,42,21,4,9.52,18605.90,20
2024-03-13,19,42,21,6,14.29,22865.19,22
2024-03-13,20,52,26,10,19.23,18383.73,30
2024-03-13,21,54,27,14,25.93,9107.37,30
2024-03-13,22,52,26,12,23.08,16064.46,22
2024-03-13,23,54,27,12,22.22,16399.33,38
2024-03-12,0,54,27,16,29.63,18552.96,30
2024-03-12,1,48,24,8,16.67,14054.00,24
2024-03-12,2,58,29,8,13.79,20734.17,42
2024-03-12,3,36,18,4,11.11,16977.56,12
2024-03-12,4,64,32,12,18.75,13572.38,32
2024-03-12,5,46,23,12,26.09,18529.30,24
2024-03-12,6,44,22,8,18.18,21100.00,24
2024-03-12,7,56,28,10,17.86,19107.29,16
2024-03-12,8,42,21,8,19.05,16733.81,20
2024-03-12,9,46,23,6,13.04,21514.43,22
2024-03-12,10,52,26,4,7.69,12386.54,30
2024-03-12,11,54,27,10,18.52,17075.63,24
2024-03-12,12,46,23,6,13.04,19549.04,24
2024-03-12,13,56,28,8,14.29,15976.14,30
2024-03-12,14,68,34,14,20.59,13048.88,38
2024-03-12,15,42,21,8,19.05,23565.19,22
2024-03-12,16,56,28,12,21.43,16148.39,30
2024-03-12,17,42,21,10,23.81,21981.71,22
2024-03-12,18,58,29,10,17.24,14231.07,24
2024-03-12,19,58,29,6,10.34,18464.66,30
2024-03-12,20,58,29,12,20.69,18404.55,34
2024-03-12,21,52,26,10,19.23,14124.12,24
2024-03-12,22,40,20,6,15.00,16595.95,22
2024-03-12,23,34,17,4,11.76,19665.76,26
2024-03-11,0,42,21,4,9.52,25775.29,20
2024-03-11,1,48,24,10,20.83,19038.75,18
2024-03-11,2,46,23,14,30.43,15120.35,24
2024-03-11,3,60,30,6,10.00,19925.13,26
2024-03-11,4,42,21,6,14.29,16749.76,24
2024-03-11,5,48,24,4,8.33,17936.25,24
2024-03-11,6,42,21,2,4.76,20590.52,12
2024-03-11,7,48,24,8,16.67,17682.71,26
2024-03-11,8,44,22,8,18.18,14129.77,20
2024-03-11,9,52,26,16,30.77,17145.46,28
2024-03-11,10,38,19,6,15.79,18501.58,18
2024-03-11,11,38,19,16,42.11,6991.84,16
2024-03-11,12,50,25,4,8.00,25829.12,28
2024-03-11,13,46,23,6,13.04,19978.35,20
2024-03-11,14,48,24,4,8.33,16329.13,32
2024-03-11,15,42,21,2,4.76,17024.90,8
2024-03-11,16,34,17,4,11.76,21686.88,16
2024-03-11,17,62,31,16,25.81,16457.35,38
2024-03-11,18,48,24,10,20.83,15826.38,36
2024-03-11,19,40,20,6,15.00,12452.55,10
2024-03-11,20,58,29,10,17.24,20170.66,40
2024-03-11,21,38,19,4,10.53,16293.21,10
2024-03-11,22,56,28,8,14.29,16992.00,28
2024-03-11,23,38,19,8,21.05,14509.05,18
2024-03-10,0,38,19,10,26.32,15600.26,12
2024-03-10,1,52,26,6,11.54,19301.65,20
2024-03-10,2,38,19,6,15.79,18856.53,24
2024-03-10,3,56,28,10,17.86,19372.46,30
2024-03-10,4,38,19,0,0.00,18390.37,24
2024-03-10,5,36,18,8,22.22,18023.50,16
2024-03-10,6,54,27,12,22.22,20675.63,22
2024-03-10,7,62,31,18,29.03,14670.97,34
2024-03-10,8,44,22,6,13.64,24242.23,24
2024-03-10,9,52,26,4,7.69,20650.35,26
2024-03-10,10,50,25,10,20.00,18647.80,26
2024-03-10,11,56,28,6,10.71,17907.79,22
2024-03-10,12,52,26,8,15.38,17233.88,26
2024-03-10,13,46,23,10,21.74,21889.91,24
2024-03-10,14,46,23,8,17.39,21700.91,22
2024-03-10,15,44,22,10,22.73,15171.00,28
2024-03-10,16,40,20,8,20.00,16834.45,22
2024-03-10,17,56,28,6,10.71,17367.57,34
2024-03-10,18,26,13,10,38.46,16277.46,14
2024-03-10,19,42,21,4,9.52,19730.52,22
2024-03-10,20,42,21,8,19.05,14611.43,18
2024-03-10,21,72,36,10,13.89,20109.28,30
2024-03-10,22,48,24,14,29.17,15977.04,28
2024-03-10,23,32,16,8,25.00,16453.75,22
2024-03-09,0,56,28,10,17.86,20361.82,30
2024-03-09,1,48,24,8,16.67,13856.92,26
2024-03-09,2,60,30,16,26.67,14678.93,40
2024-03-09,3,62,31,8,12.90,14844.58,36
2024-03-09,4,50,25,14,28.00,11995.76,26
2024-03-09,5,34,17,4,11.76,13905.94,18
2024-03-09,6,60,30,12,20.00,15154.93,26
2024-03-09,7,40,20,8,20.00,18102.50,12
2024-03-09,8,56,28,16,28.57,17382.07,16
2024-03-09,9,54,27,6,11.11,18468.67,26
2024-03-09,10,36,18,6,16.67,21743.94,24
2024-03-09,11,62,31,14,22.58,21445.61,32
2024-03-09,12,46,23,6,13.04,18973.48,26
2024-03-09,13,54,27,6,11.11,16986.78,28
2024-03-09,14,54,27,14,25.93,17589.04,20
2024-03-09,15,56,28,8,14.29,18030.46,30
2024-03-09,16,36,18,4,11.11,18123.06,20
2024-03-09,17,48,24,10,20.83,18611.50,34
2024-03-09,18,50,25,8,16.00,17088.96,24
2024-03-09,19,44,22,8,18.18,7400.73,16
2024-03-09,20,46,23,10,21.74,8794.48,30
2024-03-09,21,34,17,12,35.29,14875.12,14
2024-03-09,22,26,13,0,0.00,16265.31,18
2024-03-09,23,56,28,8,14.29,20827.21,32
2024-03-08,0,52,26,8,15.38,12064.19,26
2024-03-08,1,56,28,10,17.86,16221.61,20
2024-03-08,2,54,27,12,22.22,18551.48,32
2024-03-08,3,34,17,10,29.41,10478.00,22
2024-03-08,4,34,17,2,5.88,13050.76,18
2024-03-08,5,56,28,8,14.29,20807.39,36
2024-03-08,6,46,23,8,17.39,22412.22,22
2024-03-08,7,64,32,4,6.25,22817.69,38
2024-03-08,8,40,20,2,5.00,24408.45,16
2024-03-08,9,48,24,8,16.67,17480.50,30
2024-03-08,10,42,21,6,14.29,23020.48,20
2024-03-08,11,48,24,14,29.17,15660.04,20
2024-03-08,12,52,26,12,23.08,18175.81,22
2024-03-08,13,42,21,8,19.05,18659.24,18
2024-03-08,14,60,30,10,16.67,13212.17,14
2024-03-08,15,72,36,10,13.89,15434.56,32
2024-03-08,16,60,30,10,16.67,15826.93,24
2024-03-08,17,38,19,8,21.05,19487.47,16
2024-03-08,18,54,27,14,25.93,19132.70,26
2024-03-08,19,34,17,6,17.65,22147.18,18
2024-03-08,20,46,23,4,8.70,21733.74,24
2024-03-08,21,64,32,14,21.88,16625.06,30
2024-03-08,22,58,29,12,20.69,18365.55,30
2024-03-08,23,50,25,16,32.00,15645.88,30
2024-03-07,0,36,18,10,27.78,13075.17,14
2024-03-07,1,36,18,2,5.56,19908.83,18
2024-03-07,2,60,30,10,16.67,22785.77,38
2024-03-07,3,58,29,8,13.79,15135.55,26
2024-03-07,4,54,27,4,7.41,20685.52,26
2024-03-07,5,34,17,6,17.65,17322.35,18
2024-03-07,6,50,25,12,24.00,14843.32,20
2024-03-07,7,48,24,8,16.67,17568.21,24
2024-03-07,8,46,23,8,17.39,22456.22,30
2024-03-07,9,52,26,6,11.54,21162.85,20
2024-03-07,10,48,24,2,4.17,16522.38,20
2024-03-07,11,60,30,20,33.33,15528.53,32
2024-03-07,12,48,24,14,29.17,10482.96,20
2024-03-07,13,46,23,8,17.39,14388.35,24
2024-03-07,14,48,24,12,25.00,20265.96,26
2024-03-07,15,42,21,6,14.29,20191.86,24
2024-03-07,16,46,23,4,8.70,16219.78,24
2024-03-07,17,32,16,4,12.50,20046.38,16
2024-03-07,18,54,27,12,22.22,21078.30,30
2024-03-07,19,42,21,6,14.29,22759.90,26
2024-03-07,20,58,29,16,27.59,20058.79,26
2024-03-07,21,52,26,12,23.08,17504.38,30
2024-03-07,22,54,27,6,11.11,18806.00,30
2024-03-07,23,32,16,6,18.75,19748.00,10
2024-03-06,0,48,24,10,20.83,15402.25,18
2024-03-06,1,60,30,10,16.67,16887.53,38
2024-03-06,2,48,24,14,29.17,16496.50,30
2024-03-06,3,38,19,6,15.79,19180.47,18
2024-03-06,4,28,14,6,21.43,20783.57,14
2024-03-06,5,48,24,10,20.83,20380.67,30
2024-03-06,6,42,21,2,4.76,19678.67,30
2024-03-06,7,48,24,6,12.50,19280.75,14
2024-03-06,8,46,23,6,13.04,20047.57,20
2024-03-06,9,38,19,6,15.79,18211.84,20
2024-03-06,10,50,25,12,24.00,17731.76,28
2024-03-06,11,50,25,12,24.00,19666.72,20
2024-03-06,12,48,24,4,8.33,21889.92,26
2024-03-06,13,30,15,2,6.67,13260.13,18
2024-03-06,14,38,19,2,5.26,19970.63,16
2024-03-06,15,52,26,10,19.23,17321.50,30
2024-03-06,16,22,11,12,54.55,14455.27,16
2024-03-06,17,46,23,8,17.39,18057.48,26
2024-03-06,18,54,27,6,11.11,18828.67,26
2024-03-06,19,42,21,6,14.29,19143.14,24
2024-03-06,20,62,31,6,9.68,24454.81,32
2024-03-06,21,66,33,10,15.15,17850.06,28
2024-03-06,22,34,17,8,23.53,19861.59,14
2024-03-06,23,44,22,10,22.73,19537.41,20
2024-03-05,0,58,29,8,13.79,12442.31,26
2024-03-05,1,38,19,4,10.53,16284.32,22
2024-03-05,2,60,30,18,30.00,14948.17,32
2024-03-05,3,30,15,6,20.00,14190.20,16
2024-03-05,4,44,22,8,18.18,13146.41,22
2024-03-05,5,38,19,8,21.05,15079.00,22
2024-03-05,6,28,14,6,21.43,16673.43,10
2024-03-05,7,50,25,6,12.00,21412.40,30
2024-03-05,8,42,21,12,28.57,20196.00,28
2024-03-05,9,48,24,6,12.50,17743.75,26
2024-03-05,10,72,36,6,8.33,18777.67,40
2024-03-05,11,52,26,8,15.38,19744.96,16
2024-03-05,12,36,18,2,5.56,21559.33,8
2024-03-05,13,36,18,8,22.22,14340.17,18
2024-03-05,14,40,20,4,10.00,13276.25,20
2024-03-05,15,66,33,18,27.27,13791.48,26
2024-03-05,16,58,29,12,20.69,19974.66,30
2024-03-05,17,34,17,4,11.76,21159.59,22
2024-03-05,18,50,25,8,16.00,15599.16,20
2024-03-05,19,58,29,12,20.69,12913.07,32
2024-03-05,20,52,26,6,11.54,20618.46,24
2024-03-05,21,48,24,6,12.50,17355.50,24
2024-03-05,22,52,26,14,26.92,15885.04,28
2024-03-05,23,46,23,16,34.78,17122.61,22
2024-03-04,0,42,21,8,19.05,14895.76,28
2024-03-04,1,62,31,12,19.35,15514.13,28
2024-03-04,2,48,24,6,12.50,14804.13,28
2024-03-04,3,56,28,6,10.71,22098.54,36
2024-03-04,4,44,22,10,22.73,20111.27,14
2024-03-04,5,46,23,8,17.39,12173.78,16
2024-03-04,6,46,23,8,17.39,9921.61,28
2024-03-04,7,34,17,8,23.53,12271.29,18
2024-03-04,8,52,26,14,26.92,18882.27,28
2024-03-04,9,52,26,16,30.77,17986.27,26
2024-03-04,10,42,21,2,4.76,15436.33,18
2024-03-04,11,28,14,4,14.29,17078.43,16
2024-03-04,12,30,15,8,26.67,19005.20,14
2024-03-04,13,68,34,14,20.59,12387.44,28
2024-03-04,14,58,29,8,13.79,17220.59,38
2024-03-04,15,54,27,6,11.11,17634.41,20
2024-03-04,16,46,23,8,17.39,12446.48,30
2024-03-04,17,60,30,12,20.00,13796.67,26
2024-03-04,18,28,14,4,14.29,21405.57,16
2024-03-04,19,64,32,12,18.75,19098.78,42
2024-03-04,20,38,19,4,10.53,19009.05,22
2024-03-04,21,64,32,14,21.88,16901.97,30
2024-03-04,22,42,21,10,23.81,14208.86,28
2024-03-04,23,36,18,6,16.67,15902.28,12
2024-03-03,0,60,30,20,33.33,14893.07,34
2024-03-03,1,60,30,6,10.00,18662.33,26
2024-03-03,2,28,14,2,7.14,19588.29,12
2024-03-03,3,40,20,6,15.00,16284.90,22
2024-03-03,4,50,25,4,8.00,21881.80,26
2024-03-03,5,60,30,10,16.67,19068.47,38
2024-03-03,6,34,17,10,29.41,20022.35,20
2024-03-03,7,38,19,4,10.53,17557.84,14
2024-03-03,8,44,22,4,9.09,23057.82,24
2024-03-03,9,50,25,10,20.00,17448.40,26
2024-03-03,10,36,18,2,5.56,17943.39,18
2024-03-03,11,52,26,10,19.23,17763.62,24
2024-03-03,12,34,17,2,5.88,19163.71,16
2024-03-03,13,42,21,4,9.52,21994.76,24
2024-03-03,14,52,26,16,30.77,10287.62,24
2024-03-03,15,56,28,2,3.57,24086.50,20
2024-03-03,16,54,27,8,14.81,18584.59,26
2024-03-03,17,54,27,16,29.63,14383.15,24
2024-03-03,18,40,20,8,20.00,15240.70,14
2024-03-03,19,38,19,6,15.79,12897.37,22
2024-03-03,20,48,24,14,29.17,13991.96,24
2024-03-03,21,56,28,6,10.71,20470.29,26
2024-03-03,22,46,23,4,8.70,18143.52,22
2024-03-03,23,56,28,6,10.71,23949.07,20
2024-03-02,0,40,20,4,10.00,23138.55,32
2024-03-02,1,48,24,12,25.00,12736.38,16
2024-03-02,2,26,13,6,23.08,23604.62,14
2024-03-02,3,36,18,8,22.22,15072.94,22
2024-03-02,4,56,28,8,14.29,14617.18,30
2024-03-02,5,58,29,10,17.24,16475.97,30
2024-03-02,6,42,21,10,23.81,20924.62,22
2024-03-02,7,36,18,6,16.67,19019.44,18
2024-03-02,8,50,25,8,16.00,17616.96,26
2024-03-02,9,38,19,8,21.05,16623.11,22
2024-03-02,10,60,30,8,13.33,19003.13,30
2024-03-02,11,44,22,4,9.09,18421.59,30
2024-03-02,12,54,27,4,7.41,20358.63,30
2024-03-02,13,38,19,4,10.53,17383.68,12
2024-03-02,14,38,19,4,10.53,20742.16,14
2024-03-02,15,50,25,12,24.00,19165.12,26
2024-03-02,16,42,21,6,14.29,16151.48,22
2024-03-02,17,58,29,10,17.24,18056.90,32
2024-03-02,18,54,27,6,11.11,18635.11,28
2024-03-02,19,38,19,2,5.26,22685.00,14
2024-03-02,20,52,26,16,30.77,15968.88,24
2024-03-02,21,34,17,6,17.65,15862.35,18
2024-03-02,22,34,17,10,29.41,18300.06,20
2024-03-02,23,32,16,2,6.25,21842.13,18
2024-03-01,0,30,15,4,13.33,16893.53,12
2024-03-01,1,40,20,2,5.00,15588.85,20
2024-03-01,2,46,23,10,21.74,21752.30,24
2024-03-01,3,50,25,16,32.00,10447.72,26
2024-03-01,4,48,24,6,12.50,19378.04,18
2024-03-01,5,34,17,10,29.41,19076.82,16
2024-03-01,6,52,26,8,15.38,17467.46,32
2024-03-01,7,38,19,2,5.26,16989.21,20
2024-03-01,8,44,22,8,18.18,15210.73,20
2024-03-01,9,66,33,12,18.18,18398.79,38
2024-03-01,10,44,22,8,18.18,15233.23,18
2024-03-01,11,54,27,4,7.41,19652.37,20
2024-03-01,12,44,22,6,13.64,19386.05,22
2024-03-01,13,42,21,4,9.52,18873.57,16
2024-03-01,14,48,24,6,12.50,20420.92,24
2024-03-01,15,74,37,6,8.11,21767.46,30
2024-03-01,16,44,22,8,18.18,16589.91,22
2024-03-01,17,64,32,16,25.00,17618.47,30
2024-03-01,18,46,23,10,21.74,17031.83,24
2024-03-01,19,64,32,12,18.75,16971.50,36
2024-03-01,20,48,24,4,8.33,22747.67,24
2024-03-01,21,42,21,4,9.52,19082.81,24
2024-03-01,22,34,17,10,29.41,9932.88,16
2024-03-01,23,44,22,4,9.09,14432.27,18
2024-02-29,0,46,23,8,17.39,18324.39,20
2024-02-29,1,34,17,4,11.76,11497.29,18
2024-02-29,2,50,25,8,16.00,19146.76,22
2024-02-29,3,46,23,10,21.74,14665.78,18
2024-02-29,4,64,32,10,15.63,20635.88,30
2024-02-29,5,52,26,2,3.85,16860.46,24
2024-02-29,6,60,30,14,23.33,14987.13,20
2024-02-29,7,34,17,6,17.65,14825.41,8
2024-02-29,8,62,31,12,19.35,16428.55,36
2024-02-29,9,52,26,6,11.54,14580.08,34
2024-02-29,10,50,25,10,20.00,16069.80,30
2024-02-29,11,40,20,4,10.00,22689.80,28
2024-02-29,12,42,21,10,23.81,17577.29,16
2024-02-29,13,40,20,0,0.00,22379.60,28
2024-02-29,14,46,23,6,13.04,20486.78,16
2024-02-29,15,34,17,6,17.65,19960.59,18
2024-02-29,16,40,20,6,15.00,21446.35,20
2024-02-29,17,60,30,14,23.33,14668.93,26
2024-02-29,18,50,25,8,16.00,16988.52,26
2024-02-29,19,48,24,6,12.50,22382.96,32
2024-02-29,20,34,17,10,29.41,17003.94,14
2024-02-29,21,56,28,16,28.57,18246.57,20
2024-02-29,22,38,19,2,5.26,23086.00,12
2024-02-29,23,60,30,4,6.67,20109.17,30
2024-02-28,0,72,36,14,19.44,22226.78,34
2024-02-28,1,38,19,0,0.00,17575.84,28
2024-02-28,2,50,25,10,20.00,16406.56,26
2024-02-28,3,42,21,8,19.05,17415.24,14
2024-02-28,4,34,17,4,11.76,17360.76,10
2024-02-28,5,52,26,10,19.23,13342.31,26
2024-02-28,6,46,23,6,13.04,19186.87,20
2024-02-28,7,40,20,2,5.00,19537.00,16
2024-02-28,8,50,25,8,16.00,17857.60,28
2024-02-28,9,46,23,6,13.04,17686.65,22
2024-02-28,10,46,23,6,13.04,14664.70,14
2024-02-28,11,76,38,4,5.26,20945.68,34
2024-02-28,12,50,25,14,28.00,12075.48,24
2024-02-28,13,46,23,2,4.35,22454.35,28
2024-02-28,14,34,17,4,11.76,21702.35,18
2024-02-28,15,44,22,2,4.55,20050.41,18
2024-02-28,16,38,19,6,15.79,17773.95,20
2024-02-28,17,52,26,10,19.23,20331.58,38
2024-02-28,18,50,25,16,32.00,15386.44,30
2024-02-28,19,56,28,2,3.57,22010.00,32
2024-02-28,20,60,30,14,23.33,17615.53,26
2024-02-28,21,44,22,6,13.64,21083.45,22
2024-02-28,22,52,26,10,19.23,16893.15,20
2024-02-28,23,58,29,8,13.79,20971.31,26
2024-02-27,0,46,23,14,30.43,15019.87,20
2024-02-27,1,42,21,8,19.05,16324.29,26
2024-02-27,2,52,26,14,26.92,14106.73,32
2024-02-27,3,36,18,6,16.67,19293.50,18
2024-02-27,4,32,16,0,0.00,14323.56,14
2024-02-27,5,46,23,12,26.09,20005.35,28
2024-02-27,6,38,19,2,5.26,14715.11,20
2024-02-27,7,38,19,8,21.05,10037.32,24
2024-02-27,8,34,17,6,17.65,18841.53,22
2024-02-27,9,32,16,4,12.50,19298.38,14
2024-02-27,10,34,17,6,17.65,19217.76,16
2024-02-27,11,56,28,8,14.29,17754.36,28
2024-02-27,12,42,21,4,9.52,22408.48,22
2024-02-27,13,50,25,14,28.00,18626.56,28
2024-02-27,14,42,21,6,14.29,17942.76,24
2024-02-27,15,36,18,2,5.56,18022.83,20
2024-02-27,16,58,29,12,20.69,14097.86,20
2024-02-27,17,52,26,6,11.54,17111.04,34
2024-02-27,18,48,24,12,25.00,13738.42,28
2024-02-27,19,38,19,10,26.32,16449.16,18
2024-02-27,20,32,16,4,12.50,17463.44,20
2024-02-27,21,52,26,12,23.08,16342.69,28
2024-02-27,22,74,37,20,27.03,13945.89,42
2024-02-27,23,38,19,4,10.53,11962.74,24
2024-02-26,0,64,32,8,12.50,18838.34,38
2024-02-26,1,58,29,8,13.79,13006.14,32
2024-02-26,2,42,21,8,19.05,17138.00,20
2024-02-26,3,52,26,8,15.38,17225.81,26
2024-02-26,4,40,20,16,40.00,12741.50,20
2024-02-26,5,50,25,8,16.00,20590.68,24
2024-02-26,6,44,22,4,9.09,21880.32,22
2024-02-26,7,60,30,8,13.33,19971.77,32
2024-02-26,8,34,17,0,0.00,15203.47,16
2024-02-26,9,32,16,4,12.50,22518.75,16
2024-02-26,10,64,32,12,18.75,17270.41,24
2024-02-26,11,56,28,10,17.86,15211.43,30
2024-02-26,12,54,27,12,22.22,20178.19,26
2024-02-26,13,48,24,12,25.00,17090.50,22
2024-02-26,14,50,25,6,12.00,20979.76,24
2024-02-26,15,36,18,6,16.67,15405.22,18
2024-02-26,16,40,20,6,15.00,18723.55,16
2024-02-26,17,40,20,2,5.00,19928.40,18
2024-02-26,18,48,24,6,12.50,15092.42,24
2024-02-26,19,44,22,6,13.64,14495.05,20
2024-02-26,20,26,13,4,15.38,17914.08,18
2024-02-26,21,58,29,10,17.24,20759.66,18
2024-02-26,22,50,25,12,24.00,16203.48,26
2024-02-26,23,44,22,6,13.64,17590.32,22
2024-02-25,0,40,20,10,25.00,15457.95,16
2024-02-25,1,58,29,8,13.79,18865.17,40
2024-02-25,2,34,17,2,5.88,19327.35,20
2024-02-25,3,34,17,6,17.65,14790.59,26
2024-02-25,4,38,19,0,0.00,24043.21,16
2024-02-25,5,46,23,2,4.35,25995.17,22
2024-02-25,6,58,29,14,24.14,16557.90,34
2024-02-25,7,40,20,4,10.00,20959.70,12
2024-02-25,8,42,21,4,9.52,25707.86,22
2024-02-25,9,40,20,6,15.00,20153.35,28
2024-02-25,10,52,26,10,19.23,12266.58,26
2024-02-25,11,66,33,16,24.24,17547.36,32
2024-02-25,12,58,29,10,17.24,14166.31,18
2024-02-25,13,52,26,14,26.92,12548.69,22
2024-02-25,14,58,29,2,3.45,24231.48,42
2024-02-25,15,38,19,12,31.58,12921.37,14
2024-02-25,16,46,23,6,13.04,20586.91,10
2024-02-25,17,68,34,6,8.82,19271.00,34
2024-02-25,18,36,18,6,16.67,22219.89,22
2024-02-25,19,32,16,2,6.25,17331.31,22
2024-02-25,20,46,23,12,26.09,15769.61,22
2024-02-25,21,42,21,4,9.52,13968.57,22
2024-02-25,22,40,20,10,25.00,14631.00,22
2024-02-25,23,48,24,12,25.00,16862.42,24
2024-02-24,0,38,19,6,15.79,22611.63,20
2024-02-24,1,40,20,6,15.00,22083.45,18
2024-02-24,2,40,20,6,15.00,18500.40,26
2024-02-24,3,48,24,6,12.50,20223.75,34
2024-02-24,4,48,24,10,20.83,16039.25,24
2024-02-24,5,48,24,10,20.83,19747.67,20
2024-02-24,6,48,24,8,16.67,21048.00,26
2024-02-24,7,50,25,12,24.00,14863.64,14
2024-02-24,8,32,16,6,18.75,17370.56,18
2024-02-24,9,44,22,12,27.27,16972.82,22
2024-02-24,10,44,22,6,13.64,14125.32,24
2024-02-24,11,62,31,10,16.13,20648.74,26
2024-02-24,12,56,28,10,17.86,13650.89,22
2024-02-24,13,52,26,6,11.54,21718.08,20
2024-02-24,14,32,16,2,6.25,16954.25,14
2024-02-24,15,42,21,8,19.05,16301.38,18
2024-02-24,16,40,20,8,20.00,25434.60,16
2024-02-24,17,32,16,6,18.75,12459.75,26
2024-02-24,18,40,20,8,20.00,12769.90,22
2024-02-24,19,44,22,4,9.09,15426.77,16
2024-02-24,20,40,20,12,30.00,15934.30,16
2024-02-24,21,52,26,6,11.54,19649.15,24
2024-02-24,22,40,20,4,10.00,24206.00,20
2024-02-24,23,34,17,2,5.88,16382.82,16
2024-02-23,0,50,25,8,16.00,13276.12,34
2024-02-23,1,48,24,8,16.67,18223.17,22
2024-02-23,2,38,19,4,10.53,21671.79,18
2024-02-23,3,40,20,8,20.00,15667.50,16
2024-02-23,4,54,27,2,3.70,16546.74,20
2024-02-23,5,48,24,6,12.50,14791.92,28
2024-02-23,6,54,27,10,18.52,15516.07,18
2024-02-23,7,48,24,8,16.67,14804.38,18
2024-02-23,8,60,30,2,3.33,19791.73,26
2024-02-23,9,54,27,12,22.22,14340.44,28
2024-02-23,10,44,22,10,22.73,15519.86,26
2024-02-23,11,56,28,18,32.14,13492.89,30
2024-02-23,12,42,21,4,9.52,25173.33,18
2024-02-23,13,58,29,12,20.69,19673.00,32
2024-02-23,14,46,23,6,13.04,20744.96,20
2024-02-23,15,36,18,4,11.11,23109.11,10
2024-02-23,16,24,12,4,16.67,22019.33,12
2024-02-23,17,46,23,8,17.39,18685.83,18
2024-02-23,18,36,18,8,22.22,14043.50,12
2024-02-23,19,32,16,2,6.25,20352.88,14
2024-02-23,20,44,22,8,18.18,18959.27,18
2024-02-23,21,34,17,2,5.88,19307.88,14
2024-02-23,22,40,20,6,15.00,14364.60,18
2024-02-23,23,40,20,6,15.00,13565.45,28
2024-02-22,0,72,36,4,5.56,16329.75,36
2024-02-22,1,48,24,8,16.67,15894.25,20
2024-02-22,2,42,21,2,4.76,17450.76,26
2024-02-22,3,58,29,8,13.79,21550.90,30
2024-02-22,4,52,26,12,23.08,17031.65,30
2024-02-22,5,44,22,8,18.18,16761.27,26
2024-02-22,6,48,24,2,4.17,21121.25,30
2024-02-22,7,42,21,6,14.29,20496.19,16
2024-02-22,8,58,29,12,20.69,17438.90,22
2024-02-22,9,58,29,12,20.69,14122.34,18
2024-02-22,10,42,21,8,19.05,18743.71,14
2024-02-22,11,60,30,16,26.67,14666.37,32
2024-02-22,12,40,20,4,10.00,22778.80,12
2024-02-22,13,48,24,12,25.00,11391.29,20
2024-02-22,14,40,20,0,0.00,25431.70,28
2024-02-22,15,58,29,10,17.24,15851.48,28
2024-02-22,16,38,19,0,0.00,22936.79,18
2024-02-22,17,54,27,10,18.52,14230.85,26
2024-02-22,18,52,26,18,34.62,9955.12,32
2024-02-22,19,36,18,4,11.11,14337.17,16
2024-02-22,20,32,16,4,12.50,18019.00,12
2024-02-22,21,46,23,6,13.04,18196.87,22
2024-02-22,22,42,21,10,23.81,19763.76,14
2024-02-22,23,42,21,12,28.57,16569.19,20
2024-02-21,0,28,14,4,14.29,17823.93,16
2024-02-21,1,62,31,14,22.58,16570.52,28
2024-02-21,2,54,27,4,7.41,22795.63,32
2024-02-21,3,36,18,10,27.78,16399.28,16
2024-02-21,4,46,23,4,8.70,22267.57,20
2024-02-21,5,56,28,10,17.86,14906.00,22
2024-02-21,6,46,23,8,17.39,18114.83,22
2024-02-21,7,24,12,6,25.00,13840.92,12
2024-02-21,8,50,25,8,16.00,16760.20,20
2024-02-21,9,44,22,4,9.09,19440.14,16
2024-02-21,10,38,19,4,10.53,18416.74,16
2024-02-21,11,54,27,14,25.93,12226.96,26
2024-02-21,12,46,23,6,13.04,19767.91,34
2024-02-21,13,56,28,8,14.29,16580.96,32
2024-02-21,14,48,24,6,12.50,18391.79,26
2024-02-21,15,42,21,2,4.76,16132.43,18
2024-02-21,16,56,28,8,14.29,20815.57,34
2024-02-21,17,34,17,2,5.88,13999.71,20
2024-02-21,18,52,26,16,30.77,18023.23,24
2024-02-21,19,40,20,8,20.00,13809.75,22
2024-02-21,20,48,24,10,20.83,20057.54,28
2024-02-21,21,50,25,12,24.00,16876.16,24
2024-02-21,22,62,31,4,6.45,25235.00,24
2024-02-21,23,38,19,14,36.84,12529.68,18
2024-02-20,0,38,19,4,10.53,19396.79,16
2024-02-20,1,64,32,14,21.88,16104.88,28
2024-02-20,2,44,22,8,18.18,18080.14,26
2024-02-20,3,58,29,12,20.69,20023.79,36
2024-02-20,4,56,28,8,14.29,16769.75,34
2024-02-20,5,32,16,8,25.00,17178.13,18
2024-02-20,6,34,17,2,5.88,24255.12,24
2024-02-20,7,38,19,12,31.58,20975.37,14
2024-02-20,8,16,8,2,12.50,21440.50,12
2024-02-20,9,34,17,10,29.41,9361.88,14
2024-02-20,10,48,24,8,16.67,15541.17,24
2024-02-20,11,50,25,16,32.00,14310.56,28
2024-02-20,12,32,16,0,0.00,20888.25,16
2024-02-20,13,56,28,10,17.86,19247.96,24
2024-02-20,14,36,18,2,5.56,15547.56,22
2024-02-20,15,54,27,6,11.11,15197.59,30
2024-02-20,16,48,24,6,12.50,24120.17,16
2024-02-20,17,58,29,12,20.69,15333.55,28
2024-02-20,18,36,18,10,27.78,19869.06,18
2024-02-20,19,56,28,10,17.86,17183.50,38
2024-02-20,20,28,14,4,14.29,15074.57,16
2024-02-20,21,46,23,16,34.78,12187.70,18
2024-02-20,22,40,20,8,20.00,19351.35,18
2024-02-20,23,46,23,6,13.04,23816.57,12
2024-02-19,0,50,25,10,20.00,15474.88,18
2024-02-19,1,36,18,2,5.56,16857.61,18
2024-02-19,2,48,24,6,12.50,19870.00,26
2024-02-19,3,32,16,8,25.00,25433.63,22
2024-02-19,4,48,24,4,8.33,20003.83,24
2024-02-19,5,44,22,10,22.73,15732.77,32
2024-02-19,6,54,27,12,22.22,17254.59,36
2024-02-19,7,42,21,2,4.76,18199.86,22
2024-02-19,8,40,20,12,30.00,15909.15,18
2024-02-19,9,54,27,6,11.11,21206.63,28
2024-02-19,10,66,33,10,15.15,18619.45,34
2024-02-19,11,44,22,6,13.64,21116.55,20
2024-02-19,12,36,18,10,27.78,17940.00,16
2024-02-19,13,42,21,0,0.00,18009.57,24
2024-02-19,14,46,23,6,13.04,14304.35,18
2024-02-19,15,36,18,6,16.67,15771.72,14
2024-02-19,16,46,23,6,13.04,22924.91,26
2024-02-19,17,40,20,6,15.00,20746.20,24
2024-02-19,18,38,19,10,26.32,14592.53,26
2024-02-19,19,52,26,6,11.54,22559.42,32
2024-02-19,20,58,29,14,24.14,18165.14,30
2024-02-19,21,44,22,10,22.73,9642.05,26
2024-02-19,22,36,18,2,5.56,17940.06,12
2024-02-19,23,38,19,6,15.79,24052.42,22
2024-02-18,0,46,23,16,34.78,18156.35,28
2024-02-18,1,34,17,2,5.88,20626.29,18
2024-02-18,2,64,32,12,18.75,14515.00,36
2024-02-18,3,50,25,10,20.00,13911.92,24
2024-02-18,4,44,22,12,27.27,17635.18,26
2024-02-18,5,44,22,4,9.09,17544.91,22
2024-02-18,6,54,27,8,14.81,16277.81,24
2024-02-18,7,66,33,8,12.12,18117.00,30
2024-02-18,8,48,24,10,20.83,17387.63,26
2024-02-18,9,34,17,4,11.76,15335.53,14
2024-02-18,10,58,29,14,24.14,18190.31,34
2024-02-18,11,44,22,12,27.27,13463.09,12
2024-02-18,12,42,21,10,23.81,19416.10,30
2024-02-18,13,38,19,6,15.79,25316.26,28
2024-02-18,14,60,30,6,10.00,21763.37,36
2024-02-18,15,38,19,4,10.53,23415.11,24
2024-02-18,16,46,23,8,17.39,12466.35,28
2024-02-18,17,58,29,10,17.24,22887.00,36
2024-02-18,18,52,26,8,15.38,17391.35,34
2024-02-18,19,38,19,4,10.53,19901.89,18
2024-02-18,20,60,30,8,13.33,15231.27,32
2024-02-18,21,50,25,10,20.00,16113.60,12
2024-02-18,22,36,18,4,11.11,20477.33,18
2024-02-18,23,36,18,6,16.67,20563.94,14
2024-02-17,0,40,20,8,20.00,14417.85,20
2024-02-17,1,46,23,8,17.39,21015.96,32
2024-02-17,2,54,27,4,7.41,16042.78,26
2024-02-17,3,38,19,6,15.79,24275.58,20
2024-02-17,4,44,22,4,9.09,17023.77,20
2024-02-17,5,52,26,12,23.08,19163.35,26
2024-02-17,6,48,24,6,12.50,19491.71,28
2024-02-17,7,52,26,8,15.38,18968.77,22
2024-02-17,8,52,26,12,23.08,15842.00,20
2024-02-17,9,68,34,8,11.76,19219.62,36
2024-02-17,10,32,16,4,12.50,24966.19,16
2024-02-17,11,52,26,10,19.23,22646.42,32
2024-02-17,12,44,22,2,4.55,19881.73,20
2024-02-17,13,48,24,10,20.83,17317.75,20
2024-02-17,14,52,26,8,15.38,19982.73,18
2024-02-17,15,52,26,10,19.23,16048.38,22
2024-02-17,16,48,24,10,20.83,18834.58,24
2024-02-17,17,62,31,10,16.13,21103.26,36
2024-02-17,18,40,20,14,35.00,16977.60,16
2024-02-17,19,52,26,6,11.54,18450.35,26
2024-02-17,20,34,17,8,23.53,15449.35,20
2024-02-17,21,44,22,8,18.18,9691.09,26
2024-02-17,22,48,24,16,33.33,19652.83,24
2024-02-17,23,36,18,6,16.67,17292.72,18
2024-02-16,0,44,22,10,22.73,14711.50,22
2024-02-16,1,42,21,6,14.29,13528.90,22
2024-02-16,2,40,20,6,15.00,19372.30,24
2024-02-16,3,46,23,2,4.35,21343.30,22
2024-02-16,4,30,15,0,0.00,20075.20,12
2024-02-16,5,40,20,12,30.00,22235.05,18
2024-02-16,6,50,25,12,24.00,17771.64,24
2024-02-16,7,26,13,6,23.08,20686.69,12
2024-02-16,8,30,15,2,6.67,13003.33,18
2024-02-16,9,60,30,14,23.33,16360.97,30
2024-02-16,10,44,22,6,13.64,14890.55,24
2024-02-16,11,40,20,10,25.00,15232.40,26
2024-02-16,12,38,19,8,21.05,13927.95,18
2024-02-16,13,48,24,10,20.83,11414.00,16
2024-02-16,14,48,24,14,29.17,16374.42,22
2024-02-16,15,46,23,8,17.39,21622.96,18
2024-02-16,16,52,26,6,11.54,15745.85,28
2024-02-16,17,30,15,6,20.00,14854.93,10
2024-02-16,18,50,25,0,0.00,18589.20,26
2024-02-16,19,32,16,8,25.00,15781.13,18
2024-02-16,20,50,25,4,8.00,21677.44,26
2024-02-16,21,36,18,8,22.22,16990.61,20
2024-02-16,22,50,25,8,16.00,23961.16,16
2024-02-16,23,36,18,8,22.22,15684.67,14
2024-02-15,0,56,28,6,10.71,20320.46,28
2024-02-15,1,68,34,10,14.71,12874.91,34
2024-02-15,2,44,22,12,27.27,19092.95,24
2024-02-15,3,46,23,10,21.74,16321.04,24
2024-02-15,4,42,21,4,9.52,22178.43,18
2024-02-15,5,30,15,4,13.33,14711.07,14
2024-02-15,6,36,18,4,11.11,21413.67,16
2024-02-15,7,56,28,16,28.57,12335.32,28
2024-02-15,8,38,19,4,10.53,16264.26,30
2024-02-15,9,50,25,6,12.00,19885.20,34
2024-02-15,10,50,25,12,24.00,12159.72,26
2024-02-15,11,34,17,8,23.53,13784.65,24
2024-02-15,12,36,18,2,5.56,23378.83,22
2024-02-15,13,50,25,10,20.00,16756.48,16
2024-02-15,14,64,32,8,12.50,17261.44,32
2024-02-15,15,36,18,6,16.67,17505.78,28
2024-02-15,16,48,24,4,8.33,21805.83,24
2024-02-15,17,56,28,2,3.57,18124.93,26
2024-02-15,18,32,16,10,31.25,16358.13,22
2024-02-15,19,44,22,4,9.09,15228.41,24
2024-02-15,20,74,37,18,24.32,16845.49,38
2024-02-15,21,40,20,6,15.00,18544.95,26
2024-02-15,22,68,34,12,17.65,16163.35,34
2024-02-15,23,40,20,8,20.00,19334.35,20
2024-02-14,0,44,22,10,22.73,16038.09,22
2024-02-14,1,28,14,8,28.57,16279.93,24
2024-02-14,2,50,25,12,24.00,16664.08,24
2024-02-14,3,40,20,4,10.00,20585.95,26
2024-02-14,4,52,26,10,19.23,15576.38,14
2024-02-14,5,56,28,14,25.00,19711.68,34
2024-02-14,6,46,23,4,8.70,17370.26,22
2024-02-14,7,60,30,14,23.33,17144.60,28
2024-02-14,8,42,21,4,9.52,18707.10,24
2024-02-14,9,54,27,10,18.52,21263.19,36
2024-02-14,10,60,30,14,23.33,16516.40,32
2024-02-14,11,50,25,16,32.00,16742.28,26
2024-02-14,12,58,29,10,17.24,13376.41,32
2024-02-14,13,42,21,10,23.81,18401.19,16
2024-02-14,14,36,18,8,22.22,18326.94,20
2024-02-14,15,40,20,10,25.00,9014.25,20
2024-02-14,16,52,26,4,7.69,24017.85,32
2024-02-14,17,42,21,4,9.52,18217.62,20
2024-02-14,18,54,27,8,14.81,15985.96,28
2024-02-14,19,42,21,14,33.33,9224.29,20
2024-02-14,20,48,24,6,12.50,17956.50,28
2024-02-14,21,42,21,4,9.52,22428.67,16
2024-02-14,22,38,19,6,15.79,17462.53,20
2024-02-14,23,40,20,2,5.00,23183.00,16
2024-02-13,0,38,19,6,15.79,14497.95,16
2024-02-13,1,44,22,8,18.18,17587.09,20
2024-02-13,2,56,28,8,14.29,17580.64,26
2024-02-13,3,54,27,4,7.41,21190.22,16
2024-02-13,4,34,17,6,17.65,13264.94,10
2024-02-13,5,48,24,10,20.83,15427.63,26
2024-02-13,6,44,22,12,27.27,13132.09,18
2024-02-13,7,32,16,4,12.50,18624.63,26
2024-02-13,8,46,23,4,8.70,18819.61,16
2024-02-13,9,44,22,2,4.55,21182.14,26
2024-02-13,10,42,21,4,9.52,20771.38,22
2024-02-13,11,56,28,8,14.29,21899.36,28
2024-02-13,12,50,25,14,28.00,17204.24,22
2024-02-13,13,44,22,6,13.64,24123.59,22
2024-02-13,14,54,27,10,18.52,20313.78,28
2024-02-13,15,50,25,12,24.00,17902.44,30
2024-02-13,16,46,23,10,21.74,17117.13,28
2024-02-13,17,40,20,2,5.00,22327.40,22
2024-02-13,18,58,29,12,20.69,18578.86,26
2024-02-13,19,52,26,8,15.38,19388.42,22
2024-02-13,20,56,28,12,21.43,13302.93,32
2024-02-13,21,38,19,6,15.79,14616.37,20
2024-02-13,22,52,26,10,19.23,17163.19,34
2024-02-13,23,52,26,6,11.54,15755.85,20
2024-02-12,0,42,21,10,23.81,12460.81,26
2024-02-12,1,46,23,2,4.35,22630.96,22
2024-02-12,2,36,18,12,33.33,10036.17,20
2024-02-12,3,42,21,2,4.76,24956.95,16
2024-02-12,4,54,27,0,0.00,18608.89,24
2024-02-12,5,44,22,6,13.64,15708.14,28
2024-02-12,6,48,24,8,16.67,18649.46,22
2024-02-12,7,44,22,12,27.27,15939.32,22
2024-02-12,8,54,27,8,14.81,14077.00,24
2024-02-12,9,34,17,8,23.53,19093.47,18
2024-02-12,10,46,23,4,8.70,23402.39,20
2024-02-12,11,44,22,6,13.64,19475.00,22
2024-02-12,12,40,20,12,30.00,13551.85,24
2024-02-12,13,66,33,10,15.15,15415.76,34
2024-02-12,14,50,25,6,12.00,17420.88,22
2024-02-12,15,50,25,8,16.00,15125.68,34
2024-02-12,16,52,26,12,23.08,15930.65,30
2024-02-12,17,66,33,18,27.27,16882.67,28
2024-02-12,18,48,24,10,20.83,13436.83,24
2024-02-12,19,36,18,2,5.56,13740.50,22
2024-02-12,20,64,32,10,15.63,16756.63,36
2024-02-12,21,62,31,14,22.58,17649.00,32
2024-02-12,22,34,17,8,23.53,17433.06,26
2024-02-12,23,48,24,14,29.17,16329.21,24
2024-02-11,0,44,22,4,9.09,19986.05,30
2024-02-11,1,56,28,12,21.43,20495.18,32
2024-02-11,2,38,19,2,5.26,24730.74,20
2024-02-11,3,44,22,4,9.09,13908.32,26
2024-02-11,4,36,18,6,16.67,18768.72,16
2024-02-11,5,68,34,18,26.47,14048.94,32
2024-02-11,6,50,25,8,16.00,16299.24,22
2024-02-11,7,64,32,18,28.13,13586.25,40
2024-02-11,8,58,29,14,24.14,18090.48,30
2024-02-11,9,50,25,14,28.00,20973.96,30
2024-02-11,10,68,34,6,8.82,20346.06,30
2024-02-11,11,46,23,10,21.74,16551.87,22
2024-02-11,12,64,32,6,9.38,20292.03,36
2024-02-11,13,52,26,12,23.08,18099.08,34
2024-02-11,14,60,30,8,13.33,19291.17,40
2024-02-11,15,40,20,6,15.00,18850.25,16
2024-02-11,16,50,25,6,12.00,13921.60,28
2024-02-11,17,26,13,6,23.08,21453.38,22
2024-02-11,18,46,23,12,26.09,16236.26,22
2024-02-11,19,44,22,2,4.55,13751.59,24
2024-02-11,20,48,24,6,12.50,18013.17,22
2024-02-11,21,32,16,4,12.50,17769.31,18
2024-02-11,22,30,15,10,33.33,14241.53,8
2024-02-11,23,58,29,6,10.34,12802.41,32
2024-02-10,0,44,22,4,9.09,21929.45,22
2024-02-10,1,52,26,4,7.69,18259.77,20
2024-02-10,2,50,25,10,20.00,14839.56,20
2024-02-10,3,40,20,10,25.00,13180.35,20
2024-02-10,4,54,27,6,11.11,18398.48,26
2024-02-10,5,32,16,6,18.75,12793.31,12
2024-02-10,6,56,28,20,35.71,10343.21,28
2024-02-10,7,50,25,6,12.00,16338.56,30
2024-02-10,8,28,14,10,35.71,12627.50,16
2024-02-10,9,42,21,14,33.33,9556.67,30
2024-02-10,10,32,16,8,25.00,15798.06,20
2024-02-10,11,70,35,8,11.43,14873.69,36
2024-02-10,12,54,27,8,14.81,19446.37,28
2024-02-10,13,48,24,8,16.67,21146.67,26
2024-02-10,14,62,31,6,9.68,14748.81,34
2024-02-10,15,48,24,4,8.33,18677.42,26
2024-02-10,16,46,23,4,8.70,19307.35,22
2024-02-10,17,36,18,12,33.33,11974.56,20
2024-02-10,18,48,24,8,16.67,14859.29,18
2024-02-10,19,60,30,16,26.67,15769.97,30
2024-02-10,20,48,24,6,12.50,19070.42,18
2024-02-10,21,34,17,6,17.65,22436.59,16
2024-02-10,22,42,21,10,23.81,16315.43,26
2024-02-10,23,38,19,8,21.05,15045.42,18
2024-02-09,0,34,17,6,17.65,21794.59,10
2024-02-09,1,42,21,10,23.81,15011.14,24
2024-02-09,2,56,28,8,14.29,16906.00,30
2024-02-09,3,32,16,8,25.00,19497.69,18
2024-02-09,4,54,27,6,11.11,15140.81,36
2024-02-09,5,60,30,12,20.00,20362.80,34
2024-02-09,6,38,19,6,15.79,17516.11,18
2024-02-09,7,48,24,6,12.50,17042.33,26
2024-02-09,8,38,19,8,21.05,20595.63,20
2024-02-09,9,44,22,16,36.36,14935.23,16
2024-02-09,10,34,17,6,17.65,16706.88,22
2024-02-09,11,54,27,8,14.81,21385.56,16
2024-02-09,12,44,22,12,27.27,10238.05,16
2024-02-09,13,48,24,10,20.83,19108.79,24
2024-02-09,14,46,23,8,17.39,19906.04,24
2024-02-09,15,54,27,6,11.11,20893.00,30
2024-02-09,16,58,29,6,10.34,14349.76,18
2024-02-09,17,44,22,8,18.18,16564.68,20
2024-02-09,18,36,18,6,16.67,21129.06,6
2024-02-09,19,48,24,12,25.00,16397.63,24
2024-02-09,20,42,21,2,4.76,15728.33,24
2024-02-09,21,36,18,6,16.67,16319.22,20
2024-02-09,22,44,22,8,18.18,15363.95,26
2024-02-09,23,54,27,6,11.11,12773.33,26
2024-02-08,0,50,25,8,16.00,14564.44,26
2024-02-08,1,56,28,8,14.29,20982.04,34
2024-02-08,2,44,22,10,22.73,16690.64,12
2024-02-08,3,46,23,6,13.04,22409.96,20
2024-02-08,4,66,33,12,18.18,20178.55,32
2024-02-08,5,52,26,8,15.38,24720.69,24
2024-02-08,6,58,29,4,6.90,20833.07,30
2024-02-08,7,56,28,10,17.86,17805.64,40
2024-02-08,8,30,15,8,26.67,12805.80,18
2024-02-08,9,54,27,10,18.52,12949.52,32
2024-02-08,10,40,20,6,15.00,21285.90,12
2024-02-08,11,54,27,16,29.63,17456.96,24
2024-02-08,12,42,21,4,9.52,16814.00,14
2024-02-08,13,36,18,0,0.00,21425.83,12
2024-02-08,14,42,21,6,14.29,17814.14,24
2024-02-08,15,36,18,4,11.11,21824.39,20
2024-02-08,16,48,24,8,16.67,15758.88,18
2024-02-08,17,34,17,8,23.53,16079.53,12
2024-02-08,18,44,22,8,18.18,17145.14,24
2024-02-08,19,42,21,6,14.29,21765.67,14
2024-02-08,20,38,19,2,5.26,16766.16,22
2024-02-08,21,46,23,2,4.35,23144.43,20
2024-02-08,22,42,21,12,28.57,16908.76,18
2024-02-08,23,34,17,8,23.53,10738.59,16
2024-02-07,0,44,22,4,9.09,16052.55,26
2024-02-07,1,46,23,8,17.39,21066.04,22
2024-02-07,2,56,28,16,28.57,12450.14,28
2024-02-07,3,48,24,12,25.00,18486.38,26
2024-02-07,4,34,17,10,29.41,12847.35,18
2024-02-07,5,46,23,6,13.04,18252.61,28
2024-02-07,6,48,24,12,25.00,19886.79,24
2024-02-07,7,66,33,10,15.15,22945.67,30
2024-02-07,8,52,26,20,38.46,9543.04,30
2024-02-07,9,42,21,8,19.05,11580.19,22
2024-02-07,10,46,23,4,8.70,19258.22,20
2024-02-07,11,58,29,8,13.79,18226.55,34
2024-02-07,12,42,21,2,4.76,20510.10,22
2024-02-07,13,46,23,8,17.39,16424.65,22
2024-02-07,14,34,17,10,29.41,13655.12,14
2024-02-07,15,36,18,6,16.67,18509.28,22
2024-02-07,16,38,19,4,10.53,20120.16,24
2024-02-07,17,40,20,12,30.00,11547.65,22
2024-02-07,18,40,20,12,30.00,15859.85,22
2024-02-07,19,48,24,10,20.83,15659.46,26
2024-02-07,20,46,23,2,4.35,18407.39,28
2024-02-07,21,50,25,14,28.00,18014.60,20
2024-02-07,22,40,20,6,15.00,19067.75,20
2024-02-07,23,36,18,4,11.11,16289.11,12
2024-02-06,0,48,24,10,20.83,15183.58,20
2024-02-06,1,54,27,8,14.81,18970.78,22
2024-02-06,2,40,20,8,20.00,20909.20,18
2024-02-06,3,40,20,4,10.00,22509.15,18
2024-02-06,4,30,15,6,20.00,7275.80,12
2024-02-06,5,38,19,12,31.58,15032.74,14
2024-02-06,6,54,27,8,14.81,18430.30,26
2024-02-06,7,44,22,10,22.73,19332.14,20
2024-02-06,8,60,30,8,13.33,15914.90,26
2024-02-06,9,64,32,10,15.63,23096.59,30
2024-02-06,10,32,16,8,25.00,18404.94,10
2024-02-06,11,42,21,10,23.81,17078.86,28
2024-02-06,12,46,23,12,26.09,12781.52,32
2024-02-06,13,40,20,10,25.00,17974.70,18
2024-02-06,14,62,31,10,16.13,20108.84,36
2024-02-06,15,52,26,0,0.00,19274.15,30
2024-02-06,16,52,26,16,30.77,17662.42,24
2024-02-06,17,46,23,8,17.39,16063.78,26
2024-02-06,18,56,28,6,10.71,17252.29,36
2024-02-06,19,44,22,4,9.09,16549.23,16
2024-02-06,20,32,16,4,12.50,20902.94,14
2024-02-06,21,54,27,6,11.11,20835.37,24
2024-02-06,22,46,23,6,13.04,16613.48,20
2024-02-06,23,54,27,8,14.81,16236.26,28
2024-02-05,0,56,28,8,14.29,24955.32,28
2024-02-05,1,40,20,8,20.00,14772.10,18
2024-02-05,2,42,21,6,14.29,14917.14,20
2024-02-05,3,44,22,8,18.18,16802.27,30
2024-02-05,4,28,14,2,7.14,19040.93,20
2024-02-05,5,52,26,8,15.38,16763.58,24
2024-02-05,6,58,29,6,10.34,17868.48,36
2024-02-05,7,52,26,18,34.62,12536.38,20
2024-02-05,8,42,21,8,19.05,20248.10,24
2024-02-05,9,46,23,8,17.39,19239.70,20
2024-02-05,10,42,21,14,33.33,14224.71,12
2024-02-05,11,30,15,4,13.33,11287.20,16
2024-02-05,12,60,30,8,13.33,12437.27,18
2024-02-05,13,46,23,16,34.78,10202.26,24
2024-02-05,14,46,23,14,30.43,9421.48,22
2024-02-05,15,40,20,10,25.00,14752.85,20
2024-02-05,16,42,21,8,19.05,23024.05,22
2024-02-05,17,44,22,4,9.09,22193.73,26
2024-02-05,18,40,20,4,10.00,13807.75,18
2024-02-05,19,50,25,14,28.00,16751.44,26
2024-02-05,20,54,27,10,18.52,22924.59,26
2024-02-05,21,46,23,8,17.39,12952.09,28
2024-02-05,22,50,25,10,20.00,16345.60,20
2024-02-05,23,40,20,6,15.00,18962.05,20
2024-02-04,0,52,26,8,15.38,17904.88,42
2024-02-04,1,46,23,8,17.39,14310.30,26
2024-02-04,2,42,21,4,9.52,17647.00,28
2024-02-04,3,62,31,16,25.81,17400.58,34
2024-02-04,4,44,22,4,9.09,30707.00,14
2024-02-04,5,42,21,8,19.05,16356.14,18
2024-02-04,6,40,20,6,15.00,23522.70,18
2024-02-04,7,44,22,10,22.73,13904.50,22
2024-02-04,8,20,10,2,10.00,25240.20,10
2024-02-04,9,32,16,4,12.50,20300.38,18
2024-02-04,10,32,16,2,6.25,20783.06,18
2024-02-04,11,70,35,12,17.14,20532.23,32
2024-02-04,12,60,30,14,23.33,16254.63,28
2024-02-04,13,50,25,4,8.00,22141.28,20
2024-02-04,14,62,31,6,9.68,23674.10,32
2024-02-04,15,48,24,12,25.00,13880.04,30
2024-02-04,16,38,19,8,21.05,16882.53,14
2024-02-04,17,36,18,6,16.67,18677.39,20
2024-02-04,18,62,31,10,16.13,22604.00,38
2024-02-04,19,44,22,8,18.18,22359.82,24
2024-02-04,20,50,25,6,12.00,18916.76,24
2024-02-04,21,48,24,12,25.00,12194.13,20
2024-02-04,22,58,29,8,13.79,11747.72,42
2024-02-04,23,44,22,10,22.73,15243.27,26
2024-02-03,0,38,19,4,10.53,18622.26,22
2024-02-03,1,54,27,10,18.52,15408.07,24
2024-02-03,2,34,17,6,17.65,18335.00,10
2024-02-03,3,28,14,8,28.57,11607.57,10
2024-02-03,4,30,15,6,20.00,14820.27,14
2024-02-03,5,42,21,6,14.29,20225.24,28
2024-02-03,6,66,33,8,12.12,20537.67,34
2024-02-03,7,42,21,8,19.05,18507.76,20
2024-02-03,8,46,23,8,17.39,17637.04,24
2024-02-03,9,54,27,6,11.11,16848.15,24
2024-02-03,10,42,21,4,9.52,20232.38,18
2024-02-03,11,54,27,14,25.93,19367.22,30
2024-02-03,12,42,21,4,9.52,16754.43,28
2024-02-03,13,54,27,6,11.11,22125.11,28
2024-02-03,14,54,27,12,22.22,18403.56,32
2024-02-03,15,60,30,10,16.67,15634.33,28
2024-02-03,16,46,23,8,17.39,15153.91,18
2024-02-03,17,66,33,20,30.30,16534.88,34
2024-02-03,18,44,22,14,31.82,13854.91,26
2024-02-03,19,36,18,8,22.22,14203.17,20
2024-02-03,20,48,24,6,12.50,13065.58,30
2024-02-03,21,68,34,14,20.59,21204.82,30
2024-02-03,22,44,22,10,22.73,16142.36,16
2024-02-03,23,44,22,6,13.64,13104.36,22
2024-02-02,0,44,22,6,13.64,13779.95,18
2024-02-02,1,44,22,4,9.09,24109.18,26
2024-02-02,2,56,28,12,21.43,16771.00,22
2024-02-02,3,52,26,12,23.08,17209.12,30
2024-02-02,4,48,24,4,8.33,19183.75,24
2024-02-02,5,38,19,4,10.53,21259.00,20
2024-02-02,6,38,19,6,15.79,17934.32,18
2024-02-02,7,48,24,6,12.50,18232.38,22
2024-02-02,8,54,27,6,11.11,20285.19,34
2024-02-02,9,56,28,10,17.86,11748.93,24
2024-02-02,10,42,21,8,19.05,22954.24,16
2024-02-02,11,46,23,8,17.39,21191.96,20
2024-02-02,12,34,17,6,17.65,14999.12,16
2024-02-02,13,62,31,12,19.35,16550.74,26
2024-02-02,14,24,12,0,0.00,19448.83,8
2024-02-02,15,42,21,4,9.52,21237.24,18
2024-02-02,16,46,23,6,13.04,18743.74,26
2024-02-02,17,38,19,4,10.53,13132.42,12
2024-02-02,18,48,24,8,16.67,11343.54,20
2024-02-02,19,34,17,0,0.00,23263.76,22
2024-02-02,20,46,23,8,17.39,17881.96,16
2024-02-02,21,44,22,4,9.09,19397.05,16
2024-02-02,22,40,20,10,25.00,17100.15,16
2024-02-02,23,42,21,8,19.05,17821.67,22
2024-02-01,0,62,31,8,12.90,14508.32,36
2024-02-01,1,48,24,6,12.50,16751.88,26
2024-02-01,2,50,25,4,8.00,18704.36,18
2024-02-01,3,34,17,8,23.53,9811.88,12
2024-02-01,4,44,22,10,22.73,16941.68,14
2024-02-01,5,44,22,8,18.18,9482.32,24
2024-02-01,6,30,15,4,13.33,13235.53,16
2024-02-01,7,50,25,6,12.00,15621.08,24
2024-02-01,8,44,22,14,31.82,10734.82,18
2024-02-01,9,52,26,6,11.54,22067.42,22
2024-02-01,10,46,23,10,21.74,14948.35,18
2024-02-01,11,62,31,12,19.35,11329.48,34
2024-02-01,12,48,24,2,4.17,17738.83,18
2024-02-01,13,38,19,6,15.79,22890.95,16
2024-02-01,14,46,23,6,13.04,17517.09,16
2024-02-01,15,48,24,10,20.83,15230.00,18
2024-02-01,16,34,17,4,11.76,13535.06,16
2024-02-01,17,38,19,4,10.53,19983.32,22
2024-02-01,18,50,25,12,24.00,15208.36,26
2024-02-01,19,46,23,10,21.74,10775.17,30
2024-02-01,20,68,34,18,26.47,18283.35,36
2024-02-01,21,44,22,8,18.18,18194.45,24
2024-02-01,22,36,18,4,11.11,19045.78,26
2024-02-01,23,62,31,12,19.35,16484.00,32
2024-01-31,0,46,23,8,17.39,14134.13,20
2024-01-31,1,32,16,6,18.75,14062.19,14
2024-01-31,2,42,21,14,33.33,14604.10,22
2024-01-31,3,48,24,6,12.50,16175.21,28
2024-01-31,4,48,24,2,4.17,17827.17,22
2024-01-31,5,50,25,10,20.00,12595.52,18
2024-01-31,6,56,28,14,25.00,13726.25,20
2024-01-31,7,54,27,6,11.11,20874.19,28
2024-01-31,8,46,23,2,4.35,22833.48,18
2024-01-31,9,70,35,16,22.86,13700.29,24
2024-01-31,10,46,23,6,13.04,19978.00,24
2024-01-31,11,48,24,8,16.67,20603.17,28
2024-01-31,12,40,20,8,20.00,18779.75,14
2024-01-31,13,50,25,10,20.00,20985.36,34
2024-01-31,14,26,13,4,15.38,11791.62,12
2024-01-31,15,48,24,6,12.50,16083.00,18
2024-01-31,16,40,20,4,10.00,23719.80,22
2024-01-31,17,48,24,4,8.33,18049.00,30
2024-01-31,18,36,18,0,0.00,18855.50,20
2024-01-31,19,46,23,6,13.04,14846.87,22
2024-01-31,20,44,22,6,13.64,14451.14,24
2024-01-31,21,42,21,6,14.29,13622.95,16
2024-01-31,22,54,27,10,18.52,19220.70,20
2024-01-31,23,64,32,12,18.75,17652.28,32
2024-01-30,0,30,15,2,6.67,19013.87,22
2024-01-30,1,36,18,6,16.67,21038.06,14
2024-01-30,2,32,16,2,6.25,16573.31,18
2024-01-30,3,40,20,6,15.00,20353.70,28
2024-01-30,4,46,23,10,21.74,13998.17,24
2024-01-30,5,42,21,6,14.29,22220.86,18
2024-01-30,6,38,19,8,21.05,9241.95,12
2024-01-30,7,64,32,14,21.88,15946.41,26
2024-01-30,8,42,21,8,19.05,17529.33,16
2024-01-30,9,42,21,8,19.05,18566.62,18
2024-01-30,10,44,22,12,27.27,12892.41,14
2024-01-30,11,58,29,14,24.14,17484.28,24
2024-01-30,12,36,18,4,11.11,21121.67,12
2024-01-30,13,34,17,12,35.29,17709.88,18
2024-01-30,14,36,18,8,22.22,22675.00,16
2024-01-30,15,38,19,10,26.32,17431.00,12
2024-01-30,16,52,26,12,23.08,16036.85,34
2024-01-30,17,48,24,10,20.83,15540.00,32
2024-01-30,18,44,22,0,0.00,28997.18,22
2024-01-30,19,60,30,16,26.67,20318.23,30
2024-01-30,20,50,25,10,20.00,17550.12,30
2024-01-30,21,52,26,8,15.38,19175.00,20
2024-01-30,22,40,20,10,25.00,14477.55,20
2024-01-30,23,54,27,10,18.52,16024.96,26
2024-01-29,0,56,28,4,7.14,20377.25,28
2024-01-29,1,38,19,12,31.58,16216.42,8
2024-01-29,2,46,23,12,26.09,19422.22,20
2024-01-29,3,44,22,6,13.64,20723.45,16
2024-01-29,4,62,31,10,16.13,17186.06,36
2024-01-29,5,56,28,16,28.57,18948.14,22
2024-01-29,6,44,22,4,9.09,19308.68,28
2024-01-29,7,58,29,16,27.59,15869.48,26
2024-01-29,8,52,26,16,30.77,17494.62,26
2024-01-29,9,44,22,6,13.64,23003.23,28
2024-01-29,10,36,18,10,27.78,7885.72,22
2024-01-29,11,44,22,10,22.73,18882.64,20
2024-01-29,12,72,36,20,27.78,13894.50,44
2024-01-29,13,36,18,10,27.78,16775.67,20
2024-01-29,14,50,25,6,12.00,17486.84,18
2024-01-29,15,42,21,2,4.76,28069.62,18
2024-01-29,16,50,25,8,16.00,20897.40,30
2024-01-29,17,48,24,12,25.00,11900.92,26
2024-01-29,18,42,21,12,28.57,10716.67,18
2024-01-29,19,40,20,12,30.00,17511.50,24
2024-01-29,20,52,26,10,19.23,15544.65,26
2024-01-29,21,54,27,6,11.11,20653.48,26
2024-01-29,22,38,19,4,10.53,18073.00,24
2024-01-29,23,50,25,10,20.00,17876.40,24
2024-01-28,0,26,13,8,30.77,14528.62,14
2024-01-28,1,58,29,6,10.34,17139.38,34
2024-01-28,2,54,27,6,11.11,16006.81,24
2024-01-28,3,40,20,10,25.00,14578.70,24
2024-01-28,4,32,16,4,12.50,18623.06,16
2024-01-28,5,56,28,0,0.00,19771.18,30
2024-01-28,6,56,28,12,21.43,17929.36,28
2024-01-28,7,50,25,0,0.00,20233.08,24
2024-01-28,8,52,26,12,23.08,21600.31,30
2024-01-28,9,26,13,6,23.08,18284.00,18
2024-01-28,10,42,21,6,14.29,14398.38,26
2024-01-28,11,48,24,8,16.67,16267.96,14
2024-01-28,12,54,27,10,18.52,14981.56,20
2024-01-28,13,52,26,8,15.38,17482.08,28
2024-01-28,14,52,26,8,15.38,18268.31,20
2024-01-28,15,38,19,4,10.53,16180.21,20
2024-01-28,16,40,20,4,10.00,21033.05,20
2024-01-28,17,38,19,6,15.79,17404.53,18
2024-01-28,18,48,24,12,25.00,18106.67,24
2024-01-28,19,40,20,4,10.00,11383.25,26
2024-01-28,20,30,15,10,33.33,22483.67,14
2024-01-28,21,32,16,6,18.75,16638.69,16
2024-01-28,22,44,22,2,4.55,25661.59,20
2024-01-28,23,42,21,2,4.76,23987.05,18
2024-01-27,0,60,30,12,20.00,22735.33,28
2024-01-27,1,52,26,12,23.08,10966.50,32
2024-01-27,2,40,20,6,15.00,12369.35,24
2024-01-27,3,18,9,4,22.22,19552.11,14
2024-01-27,4,54,27,6,11.11,20319.85,32
2024-01-27,5,52,26,4,7.69,19714.81,30
2024-01-27,6,42,21,8,19.05,15718.76,20
2024-01-27,7,50,25,10,20.00,15967.20,16
2024-01-27,8,40,20,6,15.00,27672.45,20
2024-01-27,9,32,16,4,12.50,16452.19,12
2024-01-27,10,46,23,6,13.04,15335.61,24
2024-01-27,11,40,20,14,35.00,17892.60,22
2024-01-27,12,56,28,8,14.29,22240.32,22
2024-01-27,13,50,25,10,20.00,17322.56,26
2024-01-27,14,56,28,12,21.43,18976.96,38
2024-01-27,15,48,24,10,20.83,10433.46,26
2024-01-27,16,52,26,10,19.23,17760.69,30
2024-01-27,17,36,18,8,22.22,18002.00,24
2024-01-27,18,66,33,6,9.09,15823.30,40
2024-01-27,19,44,22,8,18.18,22198.45,18
2024-01-27,20,40,20,6,15.00,17155.95,22
2024-01-27,21,50,25,8,16.00,21046.44,32
2024-01-27,22,48,24,4,8.33,12529.63,24
2024-01-27,23,40,20,8,20.00,17631.45,24
2024-01-26,0,30,15,12,40.00,11856.20,18
2024-01-26,1,58,29,12,20.69,16425.45,20
2024-01-26,2,54,27,10,18.52,17166.26,28
2024-01-26,3,34,17,8,23.53,14597.41,16
2024-01-26,4,32,16,8,25.00,12551.94,12
2024-01-26,5,20,10,8,40.00,8465.20,10
2024-01-26,6,34,17,6,17.65,20446.12,10
2024-01-26,7,50,25,6,12.00,14488.24,20
2024-01-26,8,38,19,4,10.53,18875.89,20
2024-01-26,9,44,22,16,36.36,12489.59,20
2024-01-26,10,34,17,2,5.88,18006.94,18
2024-01-26,11,26,13,4,15.38,18088.77,12
2024-01-26,12,32,16,4,12.50,18062.31,14
2024-01-26,13,50,25,10,20.00,20825.28,32
2024-01-26,14,24,12,6,25.00,18176.92,14
2024-01-26,15,60,30,10,16.67,18040.13,22
2024-01-26,16,50,25,8,16.00,17916.16,22
2024-01-26,17,52,26,14,26.92,13893.31,28
2024-01-26,18,60,30,10,16.67,18057.83,30
2024-01-26,19,64,32,20,31.25,16382.25,28
2024-01-26,20,52,26,8,15.38,17354.85,22
2024-01-26,21,34,17,10,29.41,15995.41,16
2024-01-26,22,54,27,6,11.11,21321.33,18
2024-01-26,23,36,18,8,22.22,20437.00,22
2024-01-25,0,42,21,18,42.86,10571.62,12
2024-01-25,1,40,20,4,10.00,15496.20,20
2024-01-25,2,58,29,6,10.34,21858.66,26
2024-01-25,3,34,17,8,23.53,16178.41,20
2024-01-25,4,40,20,2,5.00,22498.15,20
2024-01-25,5,44,22,2,4.55,20280.55,18
2024-01-25,6,52,26,8,15.38,15799.35,26
2024-01-25,7,38,19,6,15.79,20110.68,16
2024-01-25,8,44,22,2,4.55,17074.55,32
2024-01-25,9,28,14,4,14.29,10046.93,18
2024-01-25,10,60,30,16,26.67,16393.80,34
2024-01-25,11,54,27,10,18.52,21104.89,30
2024-01-25,12,26,13,6,23.08,14973.38,18
2024-01-25,13,44,22,6,13.64,21419.50,24
2024-01-25,14,38,19,4,10.53,14625.84,26
2024-01-25,15,32,16,6,18.75,20421.25,16
2024-01-25,16,48,24,12,25.00,13681.92,36
2024-01-25,17,46,23,6,13.04,17401.22,20
2024-01-25,18,56,28,6,10.71,14383.46,20
2024-01-25,19,46,23,6,13.04,18820.00,26
2024-01-25,20,38,19,14,36.84,14210.89,30
2024-01-25,21,50,25,16,32.00,11597.92,12
2024-01-25,22,34,17,2,5.88,24489.24,10
2024-01-25,23,40,20,2,5.00,22174.70,28
2024-01-24,0,64,32,16,25.00,19854.34,28
2024-01-24,1,42,21,4,9.52,11621.52,18
2024-01-24,2,48,24,10,20.83,15541.25,22
2024-01-24,3,52,26,16,30.77,13862.00,30
2024-01-24,4,30,15,6,20.00,22944.73,12
2024-01-24,5,54,27,12,22.22,12507.00,24
2024-01-24,6,44,22,8,18.18,17302.73,22
2024-01-24,7,46,23,4,8.70,17567.87,18
2024-01-24,8,56,28,6,10.71,18508.43,32
2024-01-24,9,38,19,8,21.05,16037.89,24
2024-01-24,10,44,22,14,31.82,19332.00,16
2024-01-24,11,32,16,10,31.25,19573.56,6
2024-01-24,12,60,30,10,16.67,21092.83,36
2024-01-24,13,56,28,6,10.71,22802.43,24
2024-01-24,14,48,24,8,16.67,19891.75,20
2024-01-24,15,58,29,18,31.03,18238.59,30
2024-01-24,16,38,19,6,15.79,23793.05,24
2024-01-24,17,42,21,8,19.05,18191.24,18
2024-01-24,18,52,26,8,15.38,21957.08,28
2024-01-24,19,54,27,8,14.81,19307.56,26
2024-01-24,20,52,26,6,11.54,18692.12,20
2024-01-24,21,38,19,6,15.79,16261.16,18
2024-01-24,22,48,24,10,20.83,18069.04,18
2024-01-24,23,52,26,8,15.38,22829.46,32
2024-01-23,0,40,20,8,20.00,16603.20,22
2024-01-23,1,48,24,6,12.50,18080.04,26
2024-01-23,2,40,20,6,15.00,21266.40,22
2024-01-23,3,56,28,4,7.14,15682.61,22
2024-01-23,4,36,18,2,5.56,21800.44,12
2024-01-23,5,60,30,14,23.33,20059.90,24
2024-01-23,6,50,25,10,20.00,16480.08,18
2024-01-23,7,52,26,8,15.38,21875.58,20
2024-01-23,8,54,27,10,18.52,21011.26,22
2024-01-23,9,52,26,10,19.23,13850.12,40
2024-01-23,10,40,20,2,5.00,19677.35,26
2024-01-23,11,50,25,4,8.00,20234.48,32
2024-01-23,12,54,27,4,7.41,14931.56,32
2024-01-23,13,52,26,6,11.54,18932.31,24
2024-01-23,14,38,19,14,36.84,13260.53,16
2024-01-23,15,48,24,14,29.17,15496.83,20
2024-01-23,16,62,31,8,12.90,22010.39,28
2024-01-23,17,44,22,8,18.18,17429.59,22
2024-01-23,18,46,23,4,8.70,16665.61,28
2024-01-23,19,52,26,12,23.08,14513.85,30
2024-01-23,20,32,16,6,18.75,15346.69,10
2024-01-23,21,34,17,8,23.53,15290.53,20
2024-01-23,22,60,30,16,26.67,13285.83,22
2024-01-23,23,46,23,8,17.39,21180.13,18
2024-01-22,0,54,27,6,11.11,19726.67,28
2024-01-22,1,30,15,8,26.67,12495.80,10
2024-01-22,2,30,15,4,13.33,10719.00,10
2024-01-22,3,58,29,10,17.24,15959.59,42
2024-01-22,4,42,21,8,19.05,14009.29,24
2024-01-22,5,48,24,8,16.67,18989.92,16
2024-01-22,6,46,23,8,17.39,13917.57,16
2024-01-22,7,40,20,4,10.00,21279.40,18
2024-01-22,8,36,18,6,16.67,18732.56,22
2024-01-22,9,42,21,4,9.52,18106.10,24
2024-01-22,10,52,26,16,30.77,18189.88,22
2024-01-22,11,40,20,6,15.00,10176.00,16
2024-01-22,12,52,26,12,23.08,15047.27,22
2024-01-22,13,56,28,10,17.86,17399.21,28
2024-01-22,14,48,24,16,33.33,12783.50,18
2024-01-22,15,52,26,4,7.69,17684.00,24
2024-01-22,16,50,25,18,36.00,12040.24,12
2024-01-22,17,32,16,4,12.50,18333.25,22
2024-01-22,18,40,20,12,30.00,13953.50,20
2024-01-22,19,30,15,0,0.00,16443.80,14
2024-01-22,20,42,21,2,4.76,17044.67,16
2024-01-22,21,46,23,10,21.74,20410.96,22
2024-01-22,22,58,29,4,6.90,17012.76,24
2024-01-22,23,42,21,12,28.57,16414.43,18
2024-01-21,0,46,23,12,26.09,19736.78,24
2024-01-21,1,36,18,6,16.67,15558.78,18
2024-01-21,2,42,21,8,19.05,14733.67,26
2024-01-21,3,42,21,10,23.81,12642.10,20
2024-01-21,4,60,30,12,20.00,16353.00,22
2024-01-21,5,36,18,2,5.56,16622.33,12
2024-01-21,6,44,22,6,13.64,15706.95,24
2024-01-21,7,46,23,4,8.70,18800.35,18
2024-01-21,8,66,33,6,9.09,20925.61,26
2024-01-21,9,42,21,10,23.81,17272.29,24
2024-01-21,10,68,34,14,20.59,15085.68,38
2024-01-21,11,48,24,6,12.50,18124.88,26
2024-01-21,12,34,17,14,41.18,9014.12,20
2024-01-21,13,48,24,6,12.50,20662.21,24
2024-01-21,14,28,14,0,0.00,12104.50,16
2024-01-21,15,58,29,10,17.24,17744.41,30
2024-01-21,16,58,29,22,37.93,18295.76,30
2024-01-21,17,50,25,8,16.00,14923.12,30
2024-01-21,18,44,22,6,13.64,18489.27,18
2024-01-21,19,40,20,4,10.00,16814.65,22
2024-01-21,20,48,24,0,0.00,17221.08,28
2024-01-21,21,50,25,4,8.00,19567.36,26
2024-01-21,22,56,28,12,21.43,16203.75,34
2024-01-21,23,50,25,12,24.00,12437.00,26
2024-01-20,0,44,22,6,13.64,12385.64,26
2024-01-20,1,54,27,12,22.22,15415.41,30
2024-01-20,2,60,30,12,20.00,16607.17,26
2024-01-20,3,54,27,4,7.41,22915.33,30
2024-01-20,4,28,14,4,14.29,16655.43,12
2024-01-20,5,22,11,4,18.18,10060.27,4
2024-01-20,6,62,31,10,16.13,16038.45,32
2024-01-20,7,46,23,14,30.43,14148.91,26
2024-01-20,8,24,12,4,16.67,15812.08,14
2024-01-20,9,38,19,8,21.05,11442.42,22
2024-01-20,10,44,22,8,18.18,14552.41,26
2024-01-20,11,56,28,16,28.57,12549.68,28
2024-01-20,12,50,25,10,20.00,17122.92,28
2024-01-20,13,54,27,12,22.22,15575.67,24
2024-01-20,14,40,20,10,25.00,12298.05,24
2024-01-20,15,68,34,10,14.71,19382.68,22
2024-01-20,16,58,29,10,17.24,18153.31,26
2024-01-20,17,24,12,4,16.67,19200.00,12
2024-01-20,18,38,19,4,10.53,19766.11,24
2024-01-20,19,42,21,4,9.52,17120.05,24
2024-01-20,20,46,23,8,17.39,18405.65,18
2024-01-20,21,58,29,10,17.24,15015.83,24
2024-01-20,22,38,19,8,21.05,17833.32,18
2024-01-20,23,48,24,10,20.83,17795.38,28
2024-01-19,0,50,25,14,28.00,18939.44,26
2024-01-19,1,46,23,4,8.70,23395.09,16
2024-01-19,2,36,18,10,27.78,15722.67,16
2024-01-19,3,52,26,10,19.23,19027.42,28
2024-01-19,4,48,24,8,16.67,15366.63,20
2024-01-19,5,54,27,10,18.52,15646.15,20
2024-01-19,6,54,27,6,11.11,17188.52,24
2024-01-19,7,30,15,4,13.33,15971.53,12
2024-01-19,8,42,21,6,14.29,21554.95,16
2024-01-19,9,50,25,10,20.00,18163.24,28
2024-01-19,10,46,23,2,4.35,21718.65,26
2024-01-19,11,52,26,4,7.69,19666.88,34
2024-01-19,12,54,27,12,22.22,16772.37,22
2024-01-19,13,58,29,12,20.69,16098.48,26
2024-01-19,14,48,24,8,16.67,15757.46,12
2024-01-19,15,50,25,16,32.00,12609.72,30
2024-01-19,16,46,23,8,17.39,21815.91,24
2024-01-19,17,22,11,4,18.18,23548.36,12
2024-01-19,18,44,22,6,13.64,19164.45,28
2024-01-19,19,48,24,6,12.50,18878.92,28
2024-01-19,20,70,35,8,11.43,18683.11,40
2024-01-19,21,56,28,14,25.00,18105.96,24
2024-01-19,22,44,22,10,22.73,17934.27,26
2024-01-19,23,44,22,8,18.18,20780.73,30
2024-01-18,0,42,21,14,33.33,13919.29,28
2024-01-18,1,28,14,2,7.14,15756.29,18
2024-01-18,2,56,28,6,10.71,22740.50,38
2024-01-18,3,58,29,8,13.79,15036.69,20
2024-01-18,4,46,23,14,30.43,10580.09,26
2024-01-18,5,46,23,8,17.39,15682.96,16
2024-01-18,6,48,24,14,29.17,13372.46,16
2024-01-18,7,60,30,16,26.67,17622.53,26
2024-01-18,8,46,23,4,8.70,21022.22,22
2024-01-18,9,38,19,6,15.79,16875.95,16
2024-01-18,10,48,24,6,12.50,10233.46,16
2024-01-18,11,28,14,10,35.71,14921.21,14
2024-01-18,12,56,28,0,0.00,19713.86,24
2024-01-18,13,42,21,4,9.52,24390.95,22
2024-01-18,14,54,27,6,11.11,17824.22,26
2024-01-18,15,50,25,4,8.00,15781.60,22
2024-01-18,16,38,19,12,31.58,11324.00,18
2024-01-18,17,48,24,6,12.50,18956.50,26
2024-01-18,18,62,31,12,19.35,18439.68,28
2024-01-18,19,44,22,2,4.55,13702.05,24
2024-01-18,20,30,15,10,33.33,16379.60,8
2024-01-18,21,62,31,8,12.90,20675.84,36
2024-01-18,22,46,23,6,13.04,14891.13,30
2024-01-18,23,50,25,4,8.00,21532.88,22
2024-01-17,0,42,21,4,9.52,16967.52,14
2024-01-17,1,54,27,10,18.52,13639.56,24
2024-01-17,2,58,29,8,13.79,15535.00,30
2024-01-17,3,60,30,12,20.00,20111.93,32
2024-01-17,4,36,18,4,11.11,17652.44,8
2024-01-17,5,54,27,16,29.63,15467.48,26
2024-01-17,6,62,31,10,16.13,14142.48,32
2024-01-17,7,32,16,4,12.50,15584.31,20
2024-01-17,8,36,18,10,27.78,17640.06,14
2024-01-17,9,48,24,10,20.83,14919.46,26
2024-01-17,10,64,32,22,34.38,12013.34,34
2024-01-17,11,42,21,6,14.29,12978.19,30
2024-01-17,12,44,22,6,13.64,18242.86,20
2024-01-17,13,34,17,4,11.76,17824.53,16
2024-01-17,14,38,19,6,15.79,14286.11,20
2024-01-17,15,48,24,4,8.33,17832.21,24
2024-01-17,16,42,21,14,33.33,12923.10,16
2024-01-17,17,52,26,12,23.08,21008.15,22
2024-01-17,18,40,20,6,15.00,15505.60,16
2024-01-17,19,32,16,8,25.00,13110.13,22
2024-01-17,20,28,14,0,0.00,26086.93,14
2024-01-17,21,50,25,10,20.00,19304.76,20
2024-01-17,22,34,17,6,17.65,16158.59,20
2024-01-17,23,28,14,4,14.29,13955.36,12
2024-01-16,0,44,22,6,13.64,17968.77,20
2024-01-16,1,50,25,10,20.00,19572.44,34
2024-01-16,2,58,29,14,24.14,17653.28,32
2024-01-16,3,48,24,12,25.00,13640.71,24
2024-01-16,4,32,16,4,12.50,23523.25,20
2024-01-16,5,40,20,8,20.00,15549.05,20
2024-01-16,6,46,23,4,8.70,17463.09,20
2024-01-16,7,56,28,14,25.00,11728.29,30
2024-01-16,8,52,26,4,7.69,20464.15,22
2024-01-16,9,66,33,10,15.15,21118.67,36
2024-01-16,10,50,25,2,4.00,19215.64,18
2024-01-16,11,52,26,4,7.69,21382.65,24
2024-01-16,12,36,18,8,22.22,16569.00,20
2024-01-16,13,50,25,10,20.00,23949.72,28
2024-01-16,14,52,26,6,11.54,24581.65,24
2024-01-16,15,40,20,4,10.00,16763.90,18
2024-01-16,16,42,21,6,14.29,18854.86,22
2024-01-16,17,38,19,0,0.00,15447.47,24
2024-01-16,18,46,23,0,0.00,22380.65,26
2024-01-16,19,52,26,4,7.69,18563.77,26
2024-01-16,20,56,28,12,21.43,20420.57,18
2024-01-16,21,54,27,4,7.41,22074.19,12
2024-01-16,22,46,23,6,13.04,17944.87,20
2024-01-16,23,44,22,8,18.18,22353.86,18
2024-01-15,0,48,24,10,20.83,18985.71,16
2024-01-15,1,40,20,6,15.00,22948.75,22
2024-01-15,2,50,25,16,32.00,11495.16,20
2024-01-15,3,50,25,8,16.00,19606.04,34
2024-01-15,4,42,21,8,19.05,18514.52,18
2024-01-15,5,60,30,10,16.67,18498.00,32
2024-01-15,6,48,24,6,12.50,16771.83,24
2024-01-15,7,44,22,2,4.55,20185.59,20
2024-01-15,8,38,19,8,21.05,17671.95,20
2024-01-15,9,32,16,4,12.50,19505.56,18
2024-01-15,10,50,25,8,16.00,13729.68,24
2024-01-15,11,44,22,2,4.55,20718.55,24
2024-01-15,12,42,21,2,4.76,19061.48,26
2024-01-15,13,68,34,12,17.65,16885.03,44
2024-01-15,14,64,32,6,9.38,18838.56,20
2024-01-15,15,44,22,6,13.64,20531.59,20
2024-01-15,16,62,31,12,19.35,13771.77,36
2024-01-15,17,50,25,4,8.00,15024.60,24
2024-01-15,18,62,31,6,9.68,18790.55,20
2024-01-15,19,36,18,8,22.22,15945.33,24
2024-01-15,20,48,24,6,12.50,20928.83,20
2024-01-15,21,42,21,10,23.81,17402.48,16
2024-01-15,22,42,21,6,14.29,23577.52,20
2024-01-15,23,42,21,12,28.57,16437.24,18
2024-01-14,0,40,20,14,35.00,12868.15,20
2024-01-14,1,56,28,6,10.71,20809.54,18
2024-01-14,2,52,26,12,23.08,13031.65,22
2024-01-14,3,46,23,6,13.04,20679.96,26
2024-01-14,4,52,26,10,19.23,19789.35,24
2024-01-14,5,38,19,4,10.53,15544.95,14
2024-01-14,6,32,16,6,18.75,12532.50,16
2024-01-14,7,52,26,6,11.54,19330.35,24
2024-01-14,8,62,31,8,12.90,21631.74,24
2024-01-14,9,50,25,10,20.00,15790.76,28
2024-01-14,10,42,21,16,38.10,10441.00,18
2024-01-14,11,54,27,14,25.93,13430.44,24
2024-01-14,12,58,29,6,10.34,19831.10,26
2024-01-14,13,60,30,16,26.67,16677.20,34
2024-01-14,14,56,28,8,14.29,17597.00,26
2024-01-14,15,42,21,10,23.81,13282.05,16
2024-01-14,16,42,21,4,9.52,24346.71,16
2024-01-14,17,32,16,8,25.00,21583.81,16
2024-01-14,18,36,18,6,16.67,16169.89,16
2024-01-14,19,46,23,14,30.43,14504.35,22
2024-01-14,20,44,22,4,9.09,23332.41,18
2024-01-14,21,78,39,16,20.51,16638.62,36
2024-01-14,22,40,20,6,15.00,20457.15,20
2024-01-14,23,32,16,6,18.75,14040.00,18
2024-01-13,0,48,24,6,12.50,16808.38,26
2024-01-13,1,60,30,10,16.67,15578.53,34
2024-01-13,2,40,20,10,25.00,17197.75,14
2024-01-13,3,44,22,10,22.73,15785.86,26
2024-01-13,4,56,28,16,28.57,12106.68,24
2024-01-13,5,40,20,4,10.00,17716.75,18
2024-01-13,6,56,28,10,17.86,15590.14,36
2024-01-13,7,40,20,10,25.00,12186.75,16
2024-01-13,8,40,20,16,40.00,14486.15,20
2024-01-13,9,36,18,4,11.11,20329.06,16
2024-01-13,10,42,21,6,14.29,18838.00,24
2024-01-13,11,56,28,6,10.71,21753.82,24
2024-01-13,12,46,23,12,26.09,12704.13,26
2024-01-13,13,42,21,8,19.05,16828.76,18
2024-01-13,14,26,13,0,0.00,24532.85,12
2024-01-13,15,38,19,8,21.05,13619.68,18
2024-01-13,16,62,31,18,29.03,13417.19,24
2024-01-13,17,30,15,2,6.67,15474.93,12
2024-01-13,18,36,18,8,22.22,17935.00,16
2024-01-13,19,48,24,10,20.83,13839.13,22
2024-01-13,20,56,28,14,25.00,18957.18,26
2024-01-13,21,52,26,6,11.54,13577.46,36
2024-01-13,22,46,23,12,26.09,16800.22,24
2024-01-13,23,50,25,12,24.00,18372.12,26
2024-01-12,0,40,20,2,5.00,15973.35,20
2024-01-12,1,42,21,8,19.05,16238.43,20
2024-01-12,2,30,15,8,26.67,15127.67,16
2024-01-12,3,46,23,6,13.04,12035.00,30
2024-01-12,4,48,24,18,37.50,18720.46,28
2024-01-12,5,34,17,4,11.76,14111.29,20
2024-01-12,6,38,19,2,5.26,30058.05,14
2024-01-12,7,32,16,4,12.50,13237.88,16
2024-01-12,8,66,33,14,21.21,14893.82,34
2024-01-12,9,44,22,6,13.64,10453.09,30
2024-01-12,10,72,36,14,19.44,15688.53,42
2024-01-12,11,46,23,6,13.04,18090.09,18
2024-01-12,12,34,17,2,5.88,17492.82,10
2024-01-12,13,42,21,4,9.52,15194.05,20
2024-01-12,14,50,25,12,24.00,21510.48,20
2024-01-12,15,52,26,12,23.08,14159.85,22
2024-01-12,16,56,28,6,10.71,20986.54,34
2024-01-12,17,44,22,6,13.64,22187.00,28
2024-01-12,18,38,19,6,15.79,19881.21,26
2024-01-12,19,46,23,4,8.70,26274.26,24
2024-01-12,20,56,28,8,14.29,15547.32,28
2024-01-12,21,48,24,6,12.50,21639.79,18
2024-01-12,22,66,33,20,30.30,12798.73,30
2024-01-12,23,42,21,4,9.52,17413.24,18
2024-01-11,0,38,19,10,26.32,7973.11,18
2024-01-11,1,50,25,12,24.00,18758.76,24
2024-01-11,2,54,27,10,18.52,14486.33,32
2024-01-11,3,42,21,14,33.33,13736.86,20
2024-01-11,4,56,28,4,7.14,16020.75,22
2024-01-11,5,58,29,10,17.24,18488.03,26
2024-01-11,6,58,29,12,20.69,16572.55,28
2024-01-11,7,44,22,8,18.18,15365.95,24
2024-01-11,8,44,22,8,18.18,17349.00,20
2024-01-11,9,48,24,10,20.83,17267.58,26
2024-01-11,10,44,22,2,4.55,17646.18,12
2024-01-11,11,56,28,10,17.86,13877.89,32
2024-01-11,12,46,23,0,0.00,19326.09,18
2024-01-11,13,50,25,6,12.00,20717.28,26
2024-01-11,14,52,26,4,7.69,17764.15,22
2024-01-11,15,38,19,10,26.32,15758.26,22
2024-01-11,16,54,27,6,11.11,15746.11,24
2024-01-11,17,58,29,14,24.14,13754.03,20
2024-01-11,18,46,23,4,8.70,21859.91,24
2024-01-11,19,68,34,16,23.53,16628.18,32
2024-01-11,20,58,29,4,6.90,17971.38,38
2024-01-11,21,64,32,8,12.50,15686.59,38
2024-01-11,22,50,25,10,20.00,25121.88,28
2024-01-11,23,40,20,2,5.00,21915.60,22
2024-01-10,0,38,19,6,15.79,14378.84,16
2024-01-10,1,44,22,10,22.73,14252.23,24
2024-01-10,2,46,23,6,13.04,18765.65,24
2024-01-10,3,50,25,8,16.00,15485.76,20
2024-01-10,4,48,24,8,16.67,13831.88,34
2024-01-10,5,44,22,10,22.73,15184.55,30
2024-01-10,6,62,31,12,19.35,21304.19,28
2024-01-10,7,66,33,2,3.03,24255.91,38
2024-01-10,8,48,24,10,20.83,11689.79,30
2024-01-10,9,32,16,8,25.00,19131.88,16
2024-01-10,10,42,21,4,9.52,18212.38,10
2024-01-10,11,50,25,10,20.00,20450.92,28
2024-01-10,12,64,32,16,25.00,16739.97,32
2024-01-10,13,30,15,6,20.00,14605.80,20
2024-01-10,14,58,29,2,3.45,18361.93,30
2024-01-10,15,42,21,6,14.29,18522.33,16
2024-01-10,16,52,26,6,11.54,19123.92,22
2024-01-10,17,50,25,12,24.00,15789.24,34
2024-01-10,18,60,30,10,16.67,17738.17,20
2024-01-10,19,40,20,6,15.00,18317.10,22
2024-01-10,20,38,19,10,26.32,17571.05,16
2024-01-10,21,42,21,10,23.81,13716.76,22
2024-01-10,22,48,24,4,8.33,16197.00,18
2024-01-10,23,36,18,6,16.67,25205.28,18
2024-01-09,0,48,24,8,16.67,15999.58,18
2024-01-09,1,48,24,14,29.17,18685.04,22
2024-01-09,2,74,37,14,18.92,18021.38,38
2024-01-09,3,38,19,6,15.79,15597.05,22
2024-01-09,4,46,23,10,21.74,19159.65,24
2024-01-09,5,42,21,8,19.05,17924.10,16
2024-01-09,6,46,23,2,4.35,17745.26,28
2024-01-09,7,54,27,16,29.63,11820.89,30
2024-01-09,8,50,25,16,32.00,13632.20,26
2024-01-09,9,38,19,10,26.32,16056.26,16
2024-01-09,10,50,25,10,20.00,17642.40,18
2024-01-09,11,28,14,4,14.29,21570.50,10
2024-01-09,12,34,17,0,0.00,20796.29,22
2024-01-09,13,38,19,4,10.53,12104.26,16
2024-01-09,14,46,23,8,17.39,17446.26,20
2024-01-09,15,48,24,16,33.33,15285.96,16
2024-01-09,16,60,30,8,13.33,19642.13,24
2024-01-09,17,36,18,4,11.11,18018.89,18
2024-01-09,18,56,28,10,17.86,14500.89,36
2024-01-09,19,48,24,8,16.67,16526.42,26
2024-01-09,20,44,22,6,13.64,15815.86,22
2024-01-09,21,44,22,6,13.64,16749.82,24
2024-01-09,22,58,29,8,13.79,20494.45,28
2024-01-09,23,48,24,12,25.00,15048.92,26
2024-01-08,0,44,22,12,27.27,11850.41,18
2024-01-08,1,50,25,4,8.00,14561.48,30
2024-01-08,2,40,20,4,10.00,24669.15,22
2024-01-08,3,28,14,8,28.57,12191.36,14
2024-01-08,4,52,26,14,26.92,16098.81,28
2024-01-08,5,32,16,6,18.75,15943.81,18
2024-01-08,6,34,17,6,17.65,11988.82,18
2024-01-08,7,48,24,6,12.50,15343.04,22
2024-01-08,8,46,23,6,13.04,22743.13,30
2024-01-08,9,58,29,10,17.24,15651.14,32
2024-01-08,10,42,21,6,14.29,16028.71,18
2024-01-08,11,46,23,6,13.04,23130.39,22
2024-01-08,12,56,28,6,10.71,18399.43,36
2024-01-08,13,40,20,6,15.00,19654.40,20
2024-01-08,14,50,25,14,28.00,10387.32,32
2024-01-08,15,46,23,10,21.74,18677.74,32
2024-01-08,16,52,26,8,15.38,21631.08,20
2024-01-08,17,36,18,2,5.56,20294.56,16
2024-01-08,18,30,15,6,20.00,20861.80,18
2024-01-08,19,36,18,4,11.11,20597.78,18
2024-01-08,20,50,25,6,12.00,14981.44,20
2024-01-08,21,48,24,10,20.83,18109.42,34
2024-01-08,22,56,28,16,28.57,15128.21,28
2024-01-08,23,50,25,14,28.00,15035.80,22
2024-01-07,0,38,19,4,10.53,21864.89,16
2024-01-07,1,48,24,6,12.50,18776.71,30
2024-01-07,2,44,22,12,27.27,13017.41,34
2024-01-07,3,50,25,4,8.00,14225.04,22
2024-01-07,4,38,19,8,21.05,14989.84,12
2024-01-07,5,28,14,4,14.29,18720.79,16
2024-01-07,6,34,17,4,11.76,15867.59,16
2024-01-07,7,32,16,4,12.50,21125.56,16
2024-01-07,8,46,23,6,13.04,17083.00,10
2024-01-07,9,56,28,10,17.86,16725.07,22
2024-01-07,10,42,21,2,4.76,21959.71,20
2024-01-07,11,48,24,12,25.00,17792.42,16
2024-01-07,12,34,17,6,17.65,22493.65,16
2024-01-07,13,32,16,6,18.75,21748.31,24
2024-01-07,14,40,20,8,20.00,14370.50,16
2024-01-07,15,50,25,6,12.00,19471.96,28
2024-01-07,16,52,26,10,19.23,14177.92,32
2024-01-07,17,46,23,8,17.39,16503.13,18
2024-01-07,18,30,15,6,20.00,12202.47,10
2024-01-07,19,40,20,8,20.00,16136.50,14
2024-01-07,20,42,21,8,19.05,22694.95,16
2024-01-07,21,34,17,6,17.65,14797.29,20
2024-01-07,22,46,23,8,17.39,20356.78,20
2024-01-07,23,42,21,6,14.29,9758.57,28
2024-01-06,0,38,19,0,0.00,15046.95,22
2024-01-06,1,42,21,4,9.52,16282.48,22
2024-01-06,2,34,17,6,17.65,17047.29,20
2024-01-06,3,56,28,12,21.43,13875.46,32
2024-01-06,4,38,19,6,15.79,18707.32,22
2024-01-06,5,34,17,6,17.65,15083.76,22
2024-01-06,6,34,17,8,23.53,13365.59,18
2024-01-06,7,30,15,6,20.00,17876.47,8
2024-01-06,8,60,30,14,23.33,16399.30,40
2024-01-06,9,46,23,2,4.35,18394.00,26
2024-01-06,10,42,21,2,4.76,20450.48,24
2024-01-06,11,40,20,4,10.00,16178.10,14
2024-01-06,12,26,13,2,7.69,19045.23,8
2024-01-06,13,52,26,8,15.38,14522.35,26
2024-01-06,14,46,23,12,26.09,15147.13,26
2024-01-06,15,48,24,4,8.33,17540.04,20
2024-01-06,16,50,25,4,8.00,16765.68,20
2024-01-06,17,42,21,6,14.29,22491.71,14
2024-01-06,18,38,19,8,21.05,17752.42,20
2024-01-06,19,60,30,14,23.33,10864.53,30
2024-01-06,20,60,30,2,3.33,13830.20,24
2024-01-06,21,40,20,14,35.00,12422.05,22
2024-01-06,22,48,24,10,20.83,18182.92,24
2024-01-06,23,42,21,10,23.81,18991.52,22
2024-01-05,0,40,20,2,5.00,18006.05,26
2024-01-05,1,56,28,10,17.86,17990.14,26
2024-01-05,2,58,29,6,10.34,18918.52,34
2024-01-05,3,64,32,14,21.88,15230.47,32
2024-01-05,4,48,24,14,29.17,13327.00,20
2024-01-05,5,38,19,6,15.79,17522.84,20
2024-01-05,6,38,19,6,15.79,23324.79,18
2024-01-05,7,54,27,12,22.22,19741.81,24
2024-01-05,8,54,27,8,14.81,18641.93,22
2024-01-05,9,46,23,10,21.74,16440.00,26
2024-01-05,10,48,24,4,8.33,18210.00,24
2024-01-05,11,46,23,10,21.74,17946.22,22
2024-01-05,12,42,21,8,19.05,15701.48,28
2024-01-05,13,48,24,6,12.50,18923.38,20
2024-01-05,14,48,24,10,20.83,19774.08,26
2024-01-05,15,34,17,8,23.53,13513.88,16
2024-01-05,16,28,14,4,14.29,20222.07,10
2024-01-05,17,46,23,4,8.70,18140.13,18
2024-01-05,18,44,22,6,13.64,16103.23,24
2024-01-05,19,48,24,2,4.17,24007.46,20
2024-01-05,20,50,25,6,12.00,17526.00,26
2024-01-05,21,50,25,12,24.00,19033.52,32
2024-01-05,22,48,24,6,12.50,20326.92,20
2024-01-05,23,38,19,4,10.53,14546.26,16
2024-01-04,0,40,20,6,15.00,18579.25,22
2024-01-04,1,42,21,4,9.52,17285.62,20
2024-01-04,2,44,22,6,13.64,13558.59,18
2024-01-04,3,56,28,8,14.29,14215.79,24
2024-01-04,4,68,34,12,17.65,19906.59,32
2024-01-04,5,42,21,12,28.57,18340.29,24
2024-01-04,6,42,21,6,14.29,20093.67,12
2024-01-04,7,44,22,10,22.73,17280.05,24
2024-01-04,8,38,19,8,21.05,12770.00,24
2024-01-04,9,56,28,8,14.29,20370.18,30
2024-01-04,10,44,22,6,13.64,19739.77,20
2024-01-04,11,50,25,4,8.00,14551.84,22
2024-01-04,12,38,19,10,26.32,15993.42,24
2024-01-04,13,64,32,6,9.38,16359.31,30
2024-01-04,14,46,23,14,30.43,15379.52,28
2024-01-04,15,46,23,12,26.09,16648.13,20
2024-01-04,16,42,21,10,23.81,14379.10,24
2024-01-04,17,60,30,16,26.67,16079.10,14
2024-01-04,18,38,19,10,26.32,16747.47,16
2024-01-04,19,52,26,2,3.85,13358.96,28
2024-01-04,20,58,29,16,27.59,13137.86,26
2024-01-04,21,54,27,4,7.41,16569.11,22
2024-01-04,22,58,29,10,17.24,17448.31,26
2024-01-04,23,40,20,8,20.00,13789.75,24
2024-01-03,0,52,26,8,15.38,20838.19,28
2024-01-03,1,48,24,2,4.17,26476.71,26
2024-01-03,2,48,24,6,12.50,21949.38,20
2024-01-03,3,52,26,8,15.38,16968.12,24
2024-01-03,4,38,19,6,15.79,11994.00,12
2024-01-03,5,40,20,10,25.00,16319.75,16
2024-01-03,6,42,21,2,4.76,21239.19,16
2024-01-03,7,42,21,6,14.29,19676.52,18
2024-01-03,8,46,23,4,8.70,19826.35,16
2024-01-03,9,48,24,6,12.50,20915.92,22
2024-01-03,10,54,27,6,11.11,16478.15,22
2024-01-03,11,48,24,6,12.50,14972.54,22
2024-01-03,12,32,16,10,31.25,13831.88,12
2024-01-03,13,48,24,6,12.50,18289.75,14
2024-01-03,14,40,20,8,20.00,18085.65,16
2024-01-03,15,38,19,6,15.79,21724.89,24
2024-01-03,16,32,16,6,18.75,24188.25,8
2024-01-03,17,52,26,6,11.54,23630.62,22
2024-01-03,18,54,27,8,14.81,15983.56,34
2024-01-03,19,34,17,8,23.53,19940.71,18
2024-01-03,20,54,27,12,22.22,15190.41,26
2024-01-03,21,30,15,6,20.00,11819.47,16
2024-01-03,22,48,24,4,8.33,19128.58,28
2024-01-03,23,28,14,6,21.43,23043.00,18
2024-01-02,0,42,21,8,19.05,15125.19,28
2024-01-02,1,52,26,4,7.69,23571.31,28
2024-01-02,2,36,18,4,11.11,20328.39,8
2024-01-02,3,30,15,4,13.33,23995.60,16
2024-01-02,4,48,24,6,12.50,23832.00,28
2024-01-02,5,40,20,8,20.00,17295.40,28
2024-01-02,6,48,24,8,16.67,23565.17,18
2024-01-02,7,36,18,8,22.22,16274.56,20
2024-01-02,8,56,28,10,17.86,20725.18,30
2024-01-02,9,70,35,12,17.14,17607.20,26
2024-01-02,10,36,18,10,27.78,13588.06,14
2024-01-02,11,52,26,6,11.54,18511.50,24
2024-01-02,12,38,19,4,10.53,25388.16,8
2024-01-02,13,48,24,6,12.50,23731.54,18
2024-01-02,14,40,20,4,10.00,22724.30,16
2024-01-02,15,46,23,10,21.74,16661.35,28
2024-01-02,16,32,16,6,18.75,20451.81,16
2024-01-02,17,34,17,2,5.88,14123.82,22
2024-01-02,18,48,24,4,8.33,22288.92,28
2024-01-02,19,46,23,10,21.74,16107.83,26
2024-01-02,20,50,25,6,12.00,19913.88,28
2024-01-02,21,40,20,4,10.00,20832.40,20
2024-01-02,22,58,29,8,13.79,16892.66,40
2024-01-02,23,38,19,6,15.79,16456.84,24
2024-01-01,0,38,19,6,15.79,24300.05,24
2024-01-01,1,30,15,10,33.33,7662.13,22
2024-01-01,2,26,13,2,7.69,28202.23,16
2024-01-01,3,46,23,8,17.39,16432.48,22
2024-01-01,4,54,27,6,11.11,19632.85,32
2024-01-01,5,52,26,8,15.38,19708.96,24
2024-01-01,6,42,21,6,14.29,15020.00,26
2024-01-01,7,32,16,14,43.75,9540.81,20
2024-01-01,8,60,30,8,13.33,16808.07,28
2024-01-01,9,38,19,14,36.84,7561.00,22
2024-01-01,10,54,27,8,14.81,19292.81,28
2024-01-01,11,48,24,10,20.83,17650.42,22
2024-01-01,12,48,24,4,8.33,17689.04,22
2024-01-01,13,36,18,2,5.56,15810.00,18
2024-01-01,14,48,24,8,16.67,21929.54,22
2024-01-01,15,46,23,10,21.74,9290.09,28
2024-01-01,16,42,21,4,9.52,19855.95,18
2024-01-01,17,60,30,10,16.67,19356.57,24
2024-01-01,18,48,24,8,16.67,16317.21,14
2024-01-01,19,46,23,10,21.74,12074.57,32
2024-01-01,20,46,23,6,13.04,20236.61,16
2024-01-01,21,38,19,6,15.79,18321.05,6
2024-01-01,22,54,27,16,29.63,18476.52,20
2024-01-01,23,50,25,6,12.00,17656.40,20
